-- =============================================
-- TORRES VIGILÂNCIA PATRIMONIAL
-- EXPORT COMPLETO DE DADOS
-- Data: 31/03/2026, 23:40:27
-- Fonte: Supabase (banco principal)
-- =============================================
-- Colunas binárias (fotos/docs base64) omitidas.
-- Tabelas de log omitidas (api_logs, audit_logs, etc.)
-- Para fotos: use backup_media_torres.tar.gz
-- =============================================

BEGIN;


-- -----------------------------------------------
-- USERS (8 registros)
-- -----------------------------------------------
INSERT INTO "users" ("id", "username", "name", "role", "employee_id", "must_change_password", "supabase_uid", "email", "avatar_url", "created_at", "terms_accepted_at", "terms_ip_address", "terms_user_agent") VALUES (8, NULL, 'Thiago Moreira dos Santos', 'diretoria', 10, 0, '2e4b4c6f-396a-4051-b7de-38a71741ad5f', 'thiago@grupotmseg.com.br', NULL, '2026-03-10T18:51:33.239Z', NULL, NULL, NULL) ON CONFLICT ("id") DO NOTHING;
INSERT INTO "users" ("id", "username", "name", "role", "employee_id", "must_change_password", "supabase_uid", "email", "avatar_url", "created_at", "terms_accepted_at", "terms_ip_address", "terms_user_agent") VALUES (11, NULL, 'Mickael Soria', 'admin', 13, 0, 'COLE_O_UUID_AQUI', 'escolta@torresseguranca.com.br', NULL, '2026-03-19T15:47:42.634Z', NULL, NULL, NULL) ON CONFLICT ("id") DO NOTHING;
INSERT INTO "users" ("id", "username", "name", "role", "employee_id", "must_change_password", "supabase_uid", "email", "avatar_url", "created_at", "terms_accepted_at", "terms_ip_address", "terms_user_agent") VALUES (13, NULL, 'Daniel Lima', 'admin', NULL, 0, 'a62ea2fc-f0f1-42dd-95a9-31f0e3522632', 'daniel@grupotmseg.com.br', NULL, '2026-03-27T00:00:07.500Z', NULL, NULL, NULL) ON CONFLICT ("id") DO NOTHING;
INSERT INTO "users" ("id", "username", "name", "role", "employee_id", "must_change_password", "supabase_uid", "email", "avatar_url", "created_at", "terms_accepted_at", "terms_ip_address", "terms_user_agent") VALUES (14, NULL, 'RICARDO TADEU BEZERRA PEREIRA ', 'funcionario', 16, 0, '3d3883c4-d1c7-4124-ba05-326977957305', 'thiiagomoreiira87@gmail.com', NULL, '2026-03-27T00:29:50.496Z', '2026-03-27T00:33:40.265Z', '191.183.36.56, 34.111.179.208, 35.191.113.124,104.196.175.96', 'Mozilla/5.0 (Windows NT 10.0; Win64; x64) AppleWebKit/537.36 (KHTML, like Gecko) Chrome/146.0.0.0 Safari/537.36') ON CONFLICT ("id") DO NOTHING;
INSERT INTO "users" ("id", "username", "name", "role", "employee_id", "must_change_password", "supabase_uid", "email", "avatar_url", "created_at", "terms_accepted_at", "terms_ip_address", "terms_user_agent") VALUES (15, NULL, 'VITOR DE MACEDO SILVA', 'funcionario', 18, 0, '14e3fbff-ffc0-4512-83b0-6d6337102f51', 'cpf_43838627806@torresseguranca.local', NULL, '2026-03-27T00:34:22.646Z', '2026-03-27T00:50:57.082Z', '191.183.36.56, 34.111.179.208, 35.191.81.27,35.231.191.228', 'Mozilla/5.0 (iPhone; CPU iPhone OS 18_7 like Mac OS X) AppleWebKit/605.1.15 (KHTML, like Gecko) Version/26.3 Mobile/15E148 Safari/604.1') ON CONFLICT ("id") DO NOTHING;
INSERT INTO "users" ("id", "username", "name", "role", "employee_id", "must_change_password", "supabase_uid", "email", "avatar_url", "created_at", "terms_accepted_at", "terms_ip_address", "terms_user_agent") VALUES (16, NULL, 'EDIVANDO MEDEIROS DOS SANTOS', 'funcionario', 14, 0, 'dcc8d564-5b70-4aea-ad04-8aaedfca03c4', 'cpf_18746331859@torresseguranca.local', NULL, '2026-03-27T12:14:19.830Z', '2026-03-27T12:19:17.171Z', '187.26.223.165, 34.111.179.208, 35.191.81.26,35.231.191.228', 'Mozilla/5.0 (Linux; Android 14; Infinix X6532 Build/UP1A.231005.007) AppleWebKit/537.36 (KHTML, like Gecko) Chrome/146.0.7680.119 Mobile Safari/537.36') ON CONFLICT ("id") DO NOTHING;
INSERT INTO "users" ("id", "username", "name", "role", "employee_id", "must_change_password", "supabase_uid", "email", "avatar_url", "created_at", "terms_accepted_at", "terms_ip_address", "terms_user_agent") VALUES (17, NULL, 'PEDRO DOS SANTOS SANTANA', 'funcionario', 19, 0, '6f55aba0-719d-4dc7-8296-a5742434e3c0', 'cpf_05222886506@torresseguranca.local', NULL, '2026-03-30T16:36:00.900Z', '2026-03-31T11:01:42.556Z', '187.26.70.17, 34.111.179.208, 35.191.80.243,34.26.8.8', 'Mozilla/5.0 (Linux; Android 10; K) AppleWebKit/537.36 (KHTML, like Gecko) Chrome/146.0.0.0 Mobile Safari/537.36') ON CONFLICT ("id") DO NOTHING;
INSERT INTO "users" ("id", "username", "name", "role", "employee_id", "must_change_password", "supabase_uid", "email", "avatar_url", "created_at", "terms_accepted_at", "terms_ip_address", "terms_user_agent") VALUES (18, NULL, 'DAVID EDSON GONÇALVES NEVES', 'funcionario', 20, 0, '828100d7-fb4a-4802-96d9-2f371b41155b', 'cpf_10742386643@torresseguranca.local', NULL, '2026-03-30T19:02:28.847Z', '2026-03-31T11:02:07.920Z', '177.81.73.166, 34.111.179.208, 35.191.81.83,34.138.110.253', 'Mozilla/5.0 (Linux; Android 10; K) AppleWebKit/537.36 (KHTML, like Gecko) Chrome/146.0.0.0 Mobile Safari/537.36') ON CONFLICT ("id") DO NOTHING;

-- -----------------------------------------------
-- PERFIS_ACESSO (3 registros)
-- -----------------------------------------------
INSERT INTO "perfis_acesso" ("id", "role", "label", "permissions") VALUES (1, 'diretoria', 'Diretoria', '["*"]') ON CONFLICT ("id") DO NOTHING;
INSERT INTO "perfis_acesso" ("id", "role", "label", "permissions") VALUES (2, 'admin', 'Administrador', '["dashboard","clients","employees","vehicles","trips","fueling","maintenance","timesheets","tracker","service_orders","mission","operational_grid","consultas","guia_missao","users"]') ON CONFLICT ("id") DO NOTHING;
INSERT INTO "perfis_acesso" ("id", "role", "label", "permissions") VALUES (3, 'funcionario', 'Funcionário', '["dashboard","mission","timesheets","guia_missao"]') ON CONFLICT ("id") DO NOTHING;

-- -----------------------------------------------
-- CLIENTS (5 registros)
-- -----------------------------------------------
INSERT INTO "clients" ("id", "name", "cnpj", "cpf", "email", "phone", "contact_person", "address", "city", "state", "zip", "notes", "created_at", "email_operacional", "email_financeiro") VALUES (2, 'TORRES VIGILANCIA PATRIMONIAL LTDA', '36.982.392/0001-89', NULL, NULL, '21999001122', NULL, NULL, NULL, NULL, NULL, NULL, '2026-03-18T02:50:27.643Z', NULL, NULL) ON CONFLICT ("id") DO NOTHING;
INSERT INTO "clients" ("id", "name", "cnpj", "cpf", "email", "phone", "contact_person", "address", "city", "state", "zip", "notes", "created_at", "email_operacional", "email_financeiro") VALUES (6, 'TM SEGURANCA CONSULTORIA & TECNOLOGIA INTEGRADA LTDA', '28.804.378/0001-67', '', '', '(11) 54563755', '', 'PARADA PINTO, 745, APT 24 BLOCO D', 'SAO PAULO', 'SP', '02611-003', '', '2026-03-25T13:41:13.512Z', NULL, NULL) ON CONFLICT ("id") DO NOTHING;
INSERT INTO "clients" ("id", "name", "cnpj", "cpf", "email", "phone", "contact_person", "address", "city", "state", "zip", "notes", "created_at", "email_operacional", "email_financeiro") VALUES (7, 'TRANSPACHECO TRANSPORTE RODOVIARIO DE CARGAS LTDA', '00.800.202/0003-80', '', 'a.almeida@transportepacheco.com.br', '19974118524', 'Adriana Almeida', 'DOUTOR GUSTAVO ORSOLINI, 385', 'CAMPINAS', 'SP', '13052-550', '', '2026-03-26T15:02:31.838Z', NULL, NULL) ON CONFLICT ("id") DO NOTHING;
INSERT INTO "clients" ("id", "name", "cnpj", "cpf", "email", "phone", "contact_person", "address", "city", "state", "zip", "notes", "created_at", "email_operacional", "email_financeiro") VALUES (8, 'MMCM TRANSPORTES LTDA', '19.706.813/0001-20', '', 'alan.lisboa@mmcm.com.br', '11943100602', 'Alan Lisboa', 'DAS CASTANHEIRAS, 200, GALPAO82', 'HORTOLANDIA', 'SP', '13187-065', '', '2026-03-27T12:55:54.806Z', NULL, NULL) ON CONFLICT ("id") DO NOTHING;
INSERT INTO "clients" ("id", "name", "cnpj", "cpf", "email", "phone", "contact_person", "address", "city", "state", "zip", "notes", "created_at", "email_operacional", "email_financeiro") VALUES (9, 'OMEGA SOLUTIONS TRANSPORTES LTDA', '20.130.573/0001-47', '', 'mariaeduarda.nogueira@omegasolutions.com.br', '(11) 31656600', 'Maria Eduarda', 'BARRA LONGA, 54', 'SAO PAULO', 'SP', '05330-040', 'FATURAMENTO SEMPRE AO TERMINO DE CADA OPERAÇÃO ', '2026-03-27T20:54:53.647Z', NULL, NULL) ON CONFLICT ("id") DO NOTHING;

-- -----------------------------------------------
-- CLIENT_VEHICLES (5 registros)
-- -----------------------------------------------
INSERT INTO "client_vehicles" ("id", "client_id", "plate", "model", "brand", "color", "driver_name", "driver_phone", "notes", "created_at") VALUES (1, 6, 'UFA2D28', NULL, NULL, NULL, 'thiago', '11954563755', NULL, '2026-03-27T01:20:51.645Z') ON CONFLICT ("id") DO NOTHING;
INSERT INTO "client_vehicles" ("id", "client_id", "plate", "model", "brand", "color", "driver_name", "driver_phone", "notes", "created_at") VALUES (2, 6, 'DNV2I04', NULL, NULL, NULL, 'fernando mariano', '11992118107', NULL, '2026-03-27T04:50:52.190Z') ON CONFLICT ("id") DO NOTHING;
INSERT INTO "client_vehicles" ("id", "client_id", "plate", "model", "brand", "color", "driver_name", "driver_phone", "notes", "created_at") VALUES (3, 6, 'REJ2F30', NULL, NULL, NULL, 'DANIEL FERREIRA', '(11)913350796', NULL, '2026-03-30T16:04:20.692Z') ON CONFLICT ("id") DO NOTHING;
INSERT INTO "client_vehicles" ("id", "client_id", "plate", "model", "brand", "color", "driver_name", "driver_phone", "notes", "created_at") VALUES (4, 6, 'GIF3G62', NULL, NULL, NULL, 'MARCELO CICERO DA SILVA', '11995937246', NULL, '2026-03-31T15:50:55.795Z') ON CONFLICT ("id") DO NOTHING;
INSERT INTO "client_vehicles" ("id", "client_id", "plate", "model", "brand", "color", "driver_name", "driver_phone", "notes", "created_at") VALUES (5, 6, 'QRW1C78', NULL, NULL, NULL, 'EDIMAR NATIVIDADE DA LANA', '(13) 97410-0114', NULL, '2026-03-31T17:20:43.212Z') ON CONFLICT ("id") DO NOTHING;
-- client_forwards: vazia

-- -----------------------------------------------
-- GERENCIADORAS (2 registros)
-- -----------------------------------------------
INSERT INTO "gerenciadoras" ("id", "name", "cnpj", "api_url", "api_key", "api_type", "contact_name", "contact_phone", "contact_email", "active", "notes", "created_at", "tc_permissao_comando", "tc_ie", "tc_tie", "tc_validade", "tc_posso_cancelar", "tc_comando_exclusivo", "tc_compartilhar_dados") VALUES (1, 'CCO Monitoramento', '31112094000114', '', '', 'webhook', '', '', '', 1, '', '2026-03-26T21:33:30.577Z', 1, 0, 0, '', 1, 0, 0) ON CONFLICT ("id") DO NOTHING;
INSERT INTO "gerenciadoras" ("id", "name", "cnpj", "api_url", "api_key", "api_type", "contact_name", "contact_phone", "contact_email", "active", "notes", "created_at", "tc_permissao_comando", "tc_ie", "tc_tie", "tc_validade", "tc_posso_cancelar", "tc_comando_exclusivo", "tc_compartilhar_dados") VALUES (2, 'VTCLOG', '22.277.084/0001-48', '', '', 'webhook', '', '', '', 1, '', '2026-03-30T00:48:33.469Z', 1, 0, 0, '', 1, 0, 0) ON CONFLICT ("id") DO NOTHING;

-- -----------------------------------------------
-- EMPLOYEES (5 registros)
-- -----------------------------------------------
INSERT INTO "employees" ("id", "matricula", "name", "cpf", "rg", "cnh_number", "pis", "role", "category", "phone", "email", "address", "birth_date", "mother_name", "father_name", "nationality", "marital_status", "education", "hire_date", "vacation_expiry", "sindicato", "payment_method", "bank_name", "bank_agency", "bank_account", "pix_key", "status", "notes", "created_at", "block_type", "block_reason", "cnh_expiry", "cnv_number", "cnv_expiry", "vest_number", "vest_brand", "vest_protection", "vest_expiry", "ammo_count", "address_lat", "address_lng") VALUES (14, 'TVP-0001', 'EDIVANDO MEDEIROS DOS SANTOS', '187.463.318-59', '27936580 - SSP', '03488729383', '', 'Vigilante', 'Mensalista', '11932844685', '', 'Avenida Ultramarino, 409 - Lauzane Paulista, São Paulo - SP, Brasil', '1974-11-01T00:00:00.000Z', 'BENILDES SOUZA MEDEIRO', 'SINFRONIO RODRIGUES DOS SANTOS', 'BRASILEIRO', 'Solteiro(a)', 'Médio', '2026-03-27T00:00:00.000Z', NULL, '', 'PIX', 'CAIXA ECONIMICA FEDERAL', '0244', '829797422-2', '11932844685', 'ativo', '', '2026-03-26T17:32:00.086Z', '', '', '2035-03-10T00:00:00.000Z', '62796/2025', '2027-05-02T00:00:00.000Z', NULL, NULL, NULL, NULL, NULL, -23.4741, -46.6398) ON CONFLICT ("id") DO NOTHING;
INSERT INTO "employees" ("id", "matricula", "name", "cpf", "rg", "cnh_number", "pis", "role", "category", "phone", "email", "address", "birth_date", "mother_name", "father_name", "nationality", "marital_status", "education", "hire_date", "vacation_expiry", "sindicato", "payment_method", "bank_name", "bank_agency", "bank_account", "pix_key", "status", "notes", "created_at", "block_type", "block_reason", "cnh_expiry", "cnv_number", "cnv_expiry", "vest_number", "vest_brand", "vest_protection", "vest_expiry", "ammo_count", "address_lat", "address_lng") VALUES (16, 'TVP-0002', 'RICARDO TADEU BEZERRA PEREIRA', '000.000.000-02', 'N/A', NULL, NULL, 'Vigilante', 'mensalista', NULL, 'thiiagomoreiira87@gmail.com', NULL, NULL, NULL, NULL, NULL, NULL, NULL, NULL, NULL, NULL, 'pix', NULL, NULL, NULL, NULL, 'ativo', NULL, '2026-03-30T15:44:05.752Z', NULL, NULL, NULL, NULL, NULL, NULL, NULL, NULL, NULL, NULL, NULL, NULL) ON CONFLICT ("id") DO NOTHING;
INSERT INTO "employees" ("id", "matricula", "name", "cpf", "rg", "cnh_number", "pis", "role", "category", "phone", "email", "address", "birth_date", "mother_name", "father_name", "nationality", "marital_status", "education", "hire_date", "vacation_expiry", "sindicato", "payment_method", "bank_name", "bank_agency", "bank_account", "pix_key", "status", "notes", "created_at", "block_type", "block_reason", "cnh_expiry", "cnv_number", "cnv_expiry", "vest_number", "vest_brand", "vest_protection", "vest_expiry", "ammo_count", "address_lat", "address_lng") VALUES (18, 'TVP-0015', 'VITOR DE MACEDO FRANÇA', '438.386.278-06', '439398903-SSP', '06658462115', '16537499772', 'Vigilante', 'Mensalista', '11934959672', '', 'Rua Neide Silva Guimarães - Jardim São Carlos, Itapevi - SP, Brasil', '1994-11-24T00:00:00.000Z', 'JUCILEDE SENA DE MACEDO', 'CICERO JOSE DA SILVA', 'BRASILEIRO', 'Casado(a)', 'Médio', '2026-03-30T00:00:00.000Z', NULL, '', 'PIX', 'ITAU', '8493', '54445-9', '43838627806', 'ativo', '', '2026-03-30T15:42:33.926Z', '', '', '2035-03-10T00:00:00.000Z', '62796/2025', '2027-05-02T00:00:00.000Z', NULL, NULL, NULL, NULL, NULL, -23.5423, -46.9437) ON CONFLICT ("id") DO NOTHING;
INSERT INTO "employees" ("id", "matricula", "name", "cpf", "rg", "cnh_number", "pis", "role", "category", "phone", "email", "address", "birth_date", "mother_name", "father_name", "nationality", "marital_status", "education", "hire_date", "vacation_expiry", "sindicato", "payment_method", "bank_name", "bank_agency", "bank_account", "pix_key", "status", "notes", "created_at", "block_type", "block_reason", "cnh_expiry", "cnv_number", "cnv_expiry", "vest_number", "vest_brand", "vest_protection", "vest_expiry", "ammo_count", "address_lat", "address_lng") VALUES (19, 'TVP-0019', 'PEDRO DOS SANTOS SANTANA', '052.228.865-06', '56228614-SSO', '06221665320', '', 'Vigilante', 'Mensalista', '11952107743', '', 'Rua Dr. Geraldo de Queiroz Ferreira, 96 - Parque dos Bancarios, São Paulo - SP, Brasil', '1991-04-21T00:00:00.000Z', 'ELIZABETH DOS SANTOS SANTANA', '', 'BRASILEIRO', 'Solteiro(a)', 'Médio', '2026-03-31T00:00:00.000Z', NULL, '', 'PIX', '', '', '', '', 'ativo', '', '2026-03-30T16:36:00.632Z', '', '', NULL, NULL, NULL, NULL, NULL, NULL, NULL, NULL, -23.5959, -46.5086) ON CONFLICT ("id") DO NOTHING;
INSERT INTO "employees" ("id", "matricula", "name", "cpf", "rg", "cnh_number", "pis", "role", "category", "phone", "email", "address", "birth_date", "mother_name", "father_name", "nationality", "marital_status", "education", "hire_date", "vacation_expiry", "sindicato", "payment_method", "bank_name", "bank_agency", "bank_account", "pix_key", "status", "notes", "created_at", "block_type", "block_reason", "cnh_expiry", "cnv_number", "cnv_expiry", "vest_number", "vest_brand", "vest_protection", "vest_expiry", "ammo_count", "address_lat", "address_lng") VALUES (20, 'TVP-0020', 'DAVID EDSON GONÇALVES NEVES', '107.423.866-43', 'MG15835586 PC MG', '08298135748', '', 'Vigilante', 'Mensalista', '11992687384', '', 'Rua Antônio de Mariz, 46 - Alto da Lapa, São Paulo - SP, Brasil', '2024-08-31T00:00:00.000Z', 'MARILENE GONÇALVES DE JESUS ', 'JOSÉ NEVES FILHO', 'BRASILEIRO', 'Solteiro(a)', 'Médio', '2026-03-31T00:00:00.000Z', NULL, '', 'PIX', 'ITAU', '3095', '24909-4', '', 'ativo', '', '2026-03-30T19:02:28.615Z', '', '', NULL, NULL, NULL, NULL, NULL, NULL, NULL, NULL, -23.526, -46.7055) ON CONFLICT ("id") DO NOTHING;

-- -----------------------------------------------
-- EMPLOYEE_SALARIES (6 registros)
-- -----------------------------------------------
INSERT INTO "employee_salaries" ("id", "employee_id", "base_salary", "effective_date", "reason", "notes", "created_at") VALUES (1, 18, '2432.50', '2027-03-30T00:00:00.000Z', NULL, NULL, '2026-03-30T22:26:55.837Z') ON CONFLICT ("id") DO NOTHING;
INSERT INTO "employee_salaries" ("id", "employee_id", "base_salary", "effective_date", "reason", "notes", "created_at") VALUES (2, 20, '2432.50', '2026-03-30T00:00:00.000Z', 'Kit CCT SP 2025/2026 (Base R$2432.50 + Periculosidade 30% R$729.75 + VR R$43/dia + Cesta R$208.45)', 'Pgto 5º dia útil | Periculosidade: R$729.75 | VR: R$946.00/mês | Cesta: R$208.45', '2026-03-30T22:39:22.367Z') ON CONFLICT ("id") DO NOTHING;
INSERT INTO "employee_salaries" ("id", "employee_id", "base_salary", "effective_date", "reason", "notes", "created_at") VALUES (3, 19, '2432.50', '2026-03-30T00:00:00.000Z', 'Kit CCT SP 2025/2026 (Base R$2432.50 + Periculosidade 30% R$729.75 + VR R$43/dia + Cesta R$208.45)', 'Pgto 5º dia útil | Periculosidade: R$729.75 | VR: R$946.00/mês | Cesta: R$208.45', '2026-03-30T22:39:22.432Z') ON CONFLICT ("id") DO NOTHING;
INSERT INTO "employee_salaries" ("id", "employee_id", "base_salary", "effective_date", "reason", "notes", "created_at") VALUES (4, 16, '2432.50', '2026-03-30T00:00:00.000Z', 'Kit CCT SP 2025/2026 (Base R$2432.50 + Periculosidade 30% R$729.75 + VR R$43/dia + Cesta R$208.45)', 'Pgto 5º dia útil | Periculosidade: R$729.75 | VR: R$946.00/mês | Cesta: R$208.45', '2026-03-30T22:39:22.496Z') ON CONFLICT ("id") DO NOTHING;
INSERT INTO "employee_salaries" ("id", "employee_id", "base_salary", "effective_date", "reason", "notes", "created_at") VALUES (5, 18, '2432.50', '2026-03-30T00:00:00.000Z', 'Kit CCT SP 2025/2026 (Base R$2432.50 + Periculosidade 30% R$729.75 + VR R$43/dia + Cesta R$208.45)', 'Pgto 5º dia útil | Periculosidade: R$729.75 | VR: R$946.00/mês | Cesta: R$208.45', '2026-03-30T22:39:22.560Z') ON CONFLICT ("id") DO NOTHING;
INSERT INTO "employee_salaries" ("id", "employee_id", "base_salary", "effective_date", "reason", "notes", "created_at") VALUES (6, 14, '2432.50', '2026-03-30T00:00:00.000Z', 'Kit CCT SP 2025/2026 (Base R$2432.50 + Periculosidade 30% R$729.75 + VR R$43/dia + Cesta R$208.45)', 'Pgto 5º dia útil | Periculosidade: R$729.75 | VR: R$946.00/mês | Cesta: R$208.45', '2026-03-30T22:39:22.624Z') ON CONFLICT ("id") DO NOTHING;

-- -----------------------------------------------
-- EMPLOYEE_DOCUMENTS (39 registros)
-- -----------------------------------------------
INSERT INTO "employee_documents" ("id", "employee_id", "type", "file_name", "expiry_date", "issue_date", "document_number", "notes", "created_at") VALUES (1, 2, 'CNH', NULL, NULL, NULL, NULL, NULL, '2026-03-19T23:24:54.423Z') ON CONFLICT ("id") DO NOTHING;
INSERT INTO "employee_documents" ("id", "employee_id", "type", "file_name", "expiry_date", "issue_date", "document_number", "notes", "created_at") VALUES (4, 14, 'CNV', 'CNV MACEDO.pdf', NULL, NULL, NULL, NULL, '2026-03-26T17:32:01.619Z') ON CONFLICT ("id") DO NOTHING;
INSERT INTO "employee_documents" ("id", "employee_id", "type", "file_name", "expiry_date", "issue_date", "document_number", "notes", "created_at") VALUES (5, 14, 'Comprovante de Residência', 'COMP. RES VITOR.pdf', NULL, NULL, NULL, NULL, '2026-03-26T17:32:02.087Z') ON CONFLICT ("id") DO NOTHING;
INSERT INTO "employee_documents" ("id", "employee_id", "type", "file_name", "expiry_date", "issue_date", "document_number", "notes", "created_at") VALUES (6, 15, 'CNH', 'CNH-e.pdf (9).pdf', NULL, NULL, NULL, NULL, '2026-03-26T19:58:19.116Z') ON CONFLICT ("id") DO NOTHING;
INSERT INTO "employee_documents" ("id", "employee_id", "type", "file_name", "expiry_date", "issue_date", "document_number", "notes", "created_at") VALUES (7, 15, 'Comprovante de Residência', 'COMP. RESIDENCIA TADEU.pdf', NULL, NULL, NULL, NULL, '2026-03-26T19:58:20.946Z') ON CONFLICT ("id") DO NOTHING;
INSERT INTO "employee_documents" ("id", "employee_id", "type", "file_name", "expiry_date", "issue_date", "document_number", "notes", "created_at") VALUES (11, 17, 'CNV', 'CNV.pdf', NULL, NULL, NULL, NULL, '2026-03-27T12:14:27.397Z') ON CONFLICT ("id") DO NOTHING;
INSERT INTO "employee_documents" ("id", "employee_id", "type", "file_name", "expiry_date", "issue_date", "document_number", "notes", "created_at") VALUES (12, 14, 'RG', 'RG VITOR_compressed.pdf', '2030-01-21T00:00:00.000Z', '2022-01-21T00:00:00.000Z', '439398903', '', '2026-03-27T21:49:24.536Z') ON CONFLICT ("id") DO NOTHING;
INSERT INTO "employee_documents" ("id", "employee_id", "type", "file_name", "expiry_date", "issue_date", "document_number", "notes", "created_at") VALUES (13, 14, 'CNH', 'CNH-e.pdf (11).pdf', '2035-03-10T00:00:00.000Z', '2025-03-11T00:00:00.000Z', '06658462115', '', '2026-03-27T21:52:42.641Z') ON CONFLICT ("id") DO NOTHING;
INSERT INTO "employee_documents" ("id", "employee_id", "type", "file_name", "expiry_date", "issue_date", "document_number", "notes", "created_at") VALUES (14, 18, 'CNH', 'CNH-e.pdf.pdf', NULL, NULL, NULL, NULL, '2026-03-30T15:42:35.363Z') ON CONFLICT ("id") DO NOTHING;
INSERT INTO "employee_documents" ("id", "employee_id", "type", "file_name", "expiry_date", "issue_date", "document_number", "notes", "created_at") VALUES (15, 18, 'CNV', 'CNV MACEDO.pdf', NULL, NULL, NULL, NULL, '2026-03-30T15:42:36.042Z') ON CONFLICT ("id") DO NOTHING;
INSERT INTO "employee_documents" ("id", "employee_id", "type", "file_name", "expiry_date", "issue_date", "document_number", "notes", "created_at") VALUES (16, 18, 'Comprovante de Residência', 'COMP. RES VITOR.pdf', NULL, NULL, NULL, NULL, '2026-03-30T15:42:36.489Z') ON CONFLICT ("id") DO NOTHING;
INSERT INTO "employee_documents" ("id", "employee_id", "type", "file_name", "expiry_date", "issue_date", "document_number", "notes", "created_at") VALUES (17, 18, 'RG', 'RG VITOR_compressed (1).pdf', '2030-01-21T00:00:00.000Z', '2022-01-21T00:00:00.000Z', '439398903', '', '2026-03-30T15:46:42.106Z') ON CONFLICT ("id") DO NOTHING;
INSERT INTO "employee_documents" ("id", "employee_id", "type", "file_name", "expiry_date", "issue_date", "document_number", "notes", "created_at") VALUES (18, 18, 'CNV', 'CNV MACEDO.pdf', '2027-05-02T00:00:00.000Z', '2017-01-20T00:00:00.000Z', '62796/2025', '', '2026-03-30T15:47:59.535Z') ON CONFLICT ("id") DO NOTHING;
INSERT INTO "employee_documents" ("id", "employee_id", "type", "file_name", "expiry_date", "issue_date", "document_number", "notes", "created_at") VALUES (19, 18, 'Título de Eleitor', 'KEPUBLICA FEDERATIVA DO BRASIL_compressed.pdf', '2030-01-21T00:00:00.000Z', '2013-01-21T00:00:00.000Z', '4098.2079.0124', '', '2026-03-30T15:51:12.606Z') ON CONFLICT ("id") DO NOTHING;
INSERT INTO "employee_documents" ("id", "employee_id", "type", "file_name", "expiry_date", "issue_date", "document_number", "notes", "created_at") VALUES (20, 18, 'PIS/PASEP/NIS', 'NUMERO PIS.jpeg', '2026-03-30T00:00:00.000Z', '2026-03-30T00:00:00.000Z', '16537499772', '', '2026-03-30T15:53:40.315Z') ON CONFLICT ("id") DO NOTHING;
INSERT INTO "employee_documents" ("id", "employee_id", "type", "file_name", "expiry_date", "issue_date", "document_number", "notes", "created_at") VALUES (21, 18, 'Certificado de Reservista', '_ FILIAÇÃO_compressed.pdf', '2030-03-29T00:00:00.000Z', '2012-03-29T00:00:00.000Z', '437572', '', '2026-03-30T16:03:23.711Z') ON CONFLICT ("id") DO NOTHING;
INSERT INTO "employee_documents" ("id", "employee_id", "type", "file_name", "expiry_date", "issue_date", "document_number", "notes", "created_at") VALUES (22, 19, 'CNH', 'CNH-e.pdf.pdf', NULL, NULL, NULL, NULL, '2026-03-30T16:36:01.698Z') ON CONFLICT ("id") DO NOTHING;
INSERT INTO "employee_documents" ("id", "employee_id", "type", "file_name", "expiry_date", "issue_date", "document_number", "notes", "created_at") VALUES (23, 19, 'CNV', 'CNV Santana.pdf', NULL, NULL, NULL, NULL, '2026-03-30T16:36:06.306Z') ON CONFLICT ("id") DO NOTHING;
INSERT INTO "employee_documents" ("id", "employee_id", "type", "file_name", "expiry_date", "issue_date", "document_number", "notes", "created_at") VALUES (24, 19, 'Comprovante de Residência', 'Boleto_1773505902586.pdf', NULL, NULL, NULL, NULL, '2026-03-30T16:36:08.615Z') ON CONFLICT ("id") DO NOTHING;
INSERT INTO "employee_documents" ("id", "employee_id", "type", "file_name", "expiry_date", "issue_date", "document_number", "notes", "created_at") VALUES (25, 19, 'CPF', 'CPF PEDRO.pdf', '2030-03-30T00:00:00.000Z', '2026-03-30T00:00:00.000Z', '052.228.865-06', '', '2026-03-30T16:57:54.564Z') ON CONFLICT ("id") DO NOTHING;
INSERT INTO "employee_documents" ("id", "employee_id", "type", "file_name", "expiry_date", "issue_date", "document_number", "notes", "created_at") VALUES (26, 19, 'RG', 'documento_1771300597043.pdf', '2035-03-19T00:00:00.000Z', '2025-03-19T00:00:00.000Z', '56228614 -SSP ', '', '2026-03-30T17:00:17.881Z') ON CONFLICT ("id") DO NOTHING;
INSERT INTO "employee_documents" ("id", "employee_id", "type", "file_name", "expiry_date", "issue_date", "document_number", "notes", "created_at") VALUES (27, 19, 'CTPS', 'CTPSContratosDigitais_052.228.865-06_30-03-2026.pdf', '2030-02-26T00:00:00.000Z', '2020-02-26T00:00:00.000Z', '5173-30', '', '2026-03-30T17:06:34.080Z') ON CONFLICT ("id") DO NOTHING;
INSERT INTO "employee_documents" ("id", "employee_id", "type", "file_name", "expiry_date", "issue_date", "document_number", "notes", "created_at") VALUES (28, 19, 'PIS/PASEP/NIS', 'CAIXA_compressed.pdf', '2030-07-05T00:00:00.000Z', '2021-07-05T00:00:00.000Z', '16532640736', '', '2026-03-30T17:11:00.731Z') ON CONFLICT ("id") DO NOTHING;
INSERT INTO "employee_documents" ("id", "employee_id", "type", "file_name", "expiry_date", "issue_date", "document_number", "notes", "created_at") VALUES (29, 19, 'Título de Eleitor', 'titulo_eleitoral_130991600507.pdf', '2030-02-22T00:00:00.000Z', '2018-02-22T00:00:00.000Z', '130991600507', '', '2026-03-30T17:33:19.816Z') ON CONFLICT ("id") DO NOTHING;
INSERT INTO "employee_documents" ("id", "employee_id", "type", "file_name", "expiry_date", "issue_date", "document_number", "notes", "created_at") VALUES (30, 19, 'Fotos 3x4', 'FOTO PEDRO .jpg', '2028-03-30T00:00:00.000Z', '2026-03-30T00:00:00.000Z', '000', '', '2026-03-30T17:36:22.607Z') ON CONFLICT ("id") DO NOTHING;
INSERT INTO "employee_documents" ("id", "employee_id", "type", "file_name", "expiry_date", "issue_date", "document_number", "notes", "created_at") VALUES (31, 19, 'Certificado de Reservista', 'RESERVISTA PEDRO SANTANA.pdf', '2030-04-15T00:00:00.000Z', '2009-04-15T00:00:00.000Z', '17133214939-1', '', '2026-03-30T17:41:35.201Z') ON CONFLICT ("id") DO NOTHING;
INSERT INTO "employee_documents" ("id", "employee_id", "type", "file_name", "expiry_date", "issue_date", "document_number", "notes", "created_at") VALUES (32, 19, 'Certidão de Pontuação CNH', 'ReportPesquisaPontosServlet.pdf', '2027-01-30T00:00:00.000Z', '2026-03-30T00:00:00.000Z', '46322077', '', '2026-03-30T17:43:15.821Z') ON CONFLICT ("id") DO NOTHING;
INSERT INTO "employee_documents" ("id", "employee_id", "type", "file_name", "expiry_date", "issue_date", "document_number", "notes", "created_at") VALUES (33, 19, 'Certificado Formação Vigilante', 'CERTIFICADO HOMOLOGADO.pdf', '2024-06-27T00:00:00.000Z', '2024-06-17T00:00:00.000Z', 'SP1047086/2018', '', '2026-03-30T18:12:12.496Z') ON CONFLICT ("id") DO NOTHING;
INSERT INTO "employee_documents" ("id", "employee_id", "type", "file_name", "expiry_date", "issue_date", "document_number", "notes", "created_at") VALUES (34, 19, 'Reciclagem Escolta Armada', 'REA PEDRO.pdf', '2027-08-29T00:00:00.000Z', '2025-08-29T00:00:00.000Z', '1047086/2018', '', '2026-03-30T18:14:36.774Z') ON CONFLICT ("id") DO NOTHING;
INSERT INTO "employee_documents" ("id", "employee_id", "type", "file_name", "expiry_date", "issue_date", "document_number", "notes", "created_at") VALUES (35, 19, 'Certificado Formação Escolta Armada', 'FORMAÇÃO DE ESCOLTA.pdf', '2020-06-22T00:00:00.000Z', '2018-06-22T00:00:00.000Z', 'E.A-006/18', '', '2026-03-30T18:26:08.478Z') ON CONFLICT ("id") DO NOTHING;
INSERT INTO "employee_documents" ("id", "employee_id", "type", "file_name", "expiry_date", "issue_date", "document_number", "notes", "created_at") VALUES (36, 19, 'Carteira Vacinação/Comprovante Escolar', 'CERTIFICADO DE CONCLUSÃO 2 GRAU.pdf', '2030-12-28T00:00:00.000Z', '2018-12-28T00:00:00.000Z', 'ESCOLARIDADE ', '', '2026-03-30T18:35:39.069Z') ON CONFLICT ("id") DO NOTHING;
INSERT INTO "employee_documents" ("id", "employee_id", "type", "file_name", "expiry_date", "issue_date", "document_number", "notes", "created_at") VALUES (37, 20, 'CNH', 'CNH-e.pdf.pdf', NULL, NULL, NULL, NULL, '2026-03-30T19:02:30.022Z') ON CONFLICT ("id") DO NOTHING;
INSERT INTO "employee_documents" ("id", "employee_id", "type", "file_name", "expiry_date", "issue_date", "document_number", "notes", "created_at") VALUES (38, 20, 'CNV', 'CNV DAVID (2).pdf', NULL, NULL, NULL, NULL, '2026-03-30T19:02:30.949Z') ON CONFLICT ("id") DO NOTHING;
INSERT INTO "employee_documents" ("id", "employee_id", "type", "file_name", "expiry_date", "issue_date", "document_number", "notes", "created_at") VALUES (39, 20, 'Comprovante de Residência', 'comprovante residência p.pdf', NULL, NULL, NULL, NULL, '2026-03-30T19:02:32.175Z') ON CONFLICT ("id") DO NOTHING;
INSERT INTO "employee_documents" ("id", "employee_id", "type", "file_name", "expiry_date", "issue_date", "document_number", "notes", "created_at") VALUES (40, 20, 'RG', 'wallet_RG-DIGITAL.pdf', '2036-02-19T00:00:00.000Z', '2026-02-19T00:00:00.000Z', 'MG15835586 PCMG', '', '2026-03-30T19:08:58.510Z') ON CONFLICT ("id") DO NOTHING;
INSERT INTO "employee_documents" ("id", "employee_id", "type", "file_name", "expiry_date", "issue_date", "document_number", "notes", "created_at") VALUES (41, 20, 'CNH', 'CNH-e.pdf.pdf', '2032-03-15T00:00:00.000Z', '2024-11-11T00:00:00.000Z', '08298135748', '', '2026-03-30T21:36:41.469Z') ON CONFLICT ("id") DO NOTHING;
INSERT INTO "employee_documents" ("id", "employee_id", "type", "file_name", "expiry_date", "issue_date", "document_number", "notes", "created_at") VALUES (42, 20, 'CNV', 'CNV DAVID (2).pdf', '2028-04-26T00:00:00.000Z', '2023-04-26T00:00:00.000Z', '42157/2023', '', '2026-03-30T21:38:49.711Z') ON CONFLICT ("id") DO NOTHING;
INSERT INTO "employee_documents" ("id", "employee_id", "type", "file_name", "expiry_date", "issue_date", "document_number", "notes", "created_at") VALUES (43, 18, 'CNH', 'CNH-e.pdf.pdf', '2035-03-10T00:00:00.000Z', '2025-03-11T00:00:00.000Z', '06658462115', '', '2026-03-31T02:45:17.130Z') ON CONFLICT ("id") DO NOTHING;
INSERT INTO "employee_documents" ("id", "employee_id", "type", "file_name", "expiry_date", "issue_date", "document_number", "notes", "created_at") VALUES (44, 14, 'CNV', 'Captura de Tela 2026-03-30 à(s) 23.51.10.png', '2027-10-03T00:00:00.000Z', '2022-10-08T00:00:00.000Z', '61316/20222', '', '2026-03-31T02:52:48.991Z') ON CONFLICT ("id") DO NOTHING;
-- employee_absences: vazia
-- employee_disciplinary: vazia
-- employee_fines: vazia
-- employee_payslips: vazia
-- employee_timesheets: vazia
-- employee_occurrences: vazia

-- -----------------------------------------------
-- VEHICLES (3 registros)
-- -----------------------------------------------
INSERT INTO "vehicles" ("id", "plate", "model", "brand", "year", "color", "chassi", "renavam", "status", "tracker_id", "tracker_api_url", "km", "notes", "created_at", "tracker_type", "truckscontrol_identifier", "frota", "icon_type", "last_latitude", "last_longitude", "last_ignition", "last_speed", "last_gps_signal", "last_address", "last_position_time", "stopped_since", "ignition_on_since", "no_signal_since", "initial_km", "last_km_update", "last_oil_change_km") VALUES (5, 'UGU6E48', 'POLO TRACK MA', 'VW', 2026, 'BRANCA', '9BWAG5R1XTP042508', '01479841347', 'disponível', '', '', 0, 'São Paulo/SP', '2026-03-19T18:23:27.435Z', 'custom', '', NULL, 'polo', NULL, NULL, NULL, NULL, NULL, NULL, NULL, NULL, NULL, NULL, 0, NULL, NULL) ON CONFLICT ("id") DO NOTHING;
INSERT INTO "vehicles" ("id", "plate", "model", "brand", "year", "color", "chassi", "renavam", "status", "tracker_id", "tracker_api_url", "km", "notes", "created_at", "tracker_type", "truckscontrol_identifier", "frota", "icon_type", "last_latitude", "last_longitude", "last_ignition", "last_speed", "last_gps_signal", "last_address", "last_position_time", "stopped_since", "ignition_on_since", "no_signal_since", "initial_km", "last_km_update", "last_oil_change_km") VALUES (8, 'UER7D08', 'POLO TRACK MA', 'VW', 2026, 'BRANCA', '9BWAG5R12TP042230', '01479837641', 'disponível', '619226', '', 1400, 'São Paulo/SP', '2026-03-20T12:54:45.773Z', 'truckscontrol', '619226', NULL, 'polo', '-23.4822', '-46.7231', 0, 0, 1, 'Avenida Raimundo Pereira de Magalhães, SÃO PAULO, SP', '2026-03-31T18:58:17-03:00', '2026-03-31T18:23:17-03:00', NULL, NULL, 258, '2026-03-31T18:23:29.705Z', NULL) ON CONFLICT ("id") DO NOTHING;
INSERT INTO "vehicles" ("id", "plate", "model", "brand", "year", "color", "chassi", "renavam", "status", "tracker_id", "tracker_api_url", "km", "notes", "created_at", "tracker_type", "truckscontrol_identifier", "frota", "icon_type", "last_latitude", "last_longitude", "last_ignition", "last_speed", "last_gps_signal", "last_address", "last_position_time", "stopped_since", "ignition_on_since", "no_signal_since", "initial_km", "last_km_update", "last_oil_change_km") VALUES (9, 'UEB7H08', 'POLO TRACK MA', 'VW', 2026, 'BRANCA', '9BWAG5R11TP042896', '01479841096', 'disponível', '', '', 797, 'São Paulo/SP', '2026-03-20T12:56:51.495Z', 'truckscontrol', '619412', NULL, 'polo', '-23.4948', '-46.8137', 1, 90, 1, 'Rodoanel Mário Covas, BARUERI, SP', '2026-03-31T18:57:02-03:00', NULL, '2026-03-31T17:57:02-03:00', NULL, 560, '2026-03-31T19:58:44.604Z', NULL) ON CONFLICT ("id") DO NOTHING;

-- -----------------------------------------------
-- VEHICLE_FUELING (4 registros)
-- -----------------------------------------------
INSERT INTO "vehicle_fueling" ("id", "vehicle_id", "driver_id", "date", "liters", "cost_per_liter", "total_cost", "km", "fuel_type", "station", "notes", "created_at", "full_tank", "pump_photo", "odometer_photo", "latitude", "longitude", "address", "plate_photo") VALUES (1, 8, 14, '2026-03-27T00:00:00.000Z', '43.40', '4.49', '194.87', 290, 'etanol', 'Rede papa pizza hut', '', '2026-03-27T11:14:20.474Z', TRUE, NULL, NULL, NULL, NULL, NULL, NULL) ON CONFLICT ("id") DO NOTHING;
INSERT INTO "vehicle_fueling" ("id", "vehicle_id", "driver_id", "date", "liters", "cost_per_liter", "total_cost", "km", "fuel_type", "station", "notes", "created_at", "full_tank", "pump_photo", "odometer_photo", "latitude", "longitude", "address", "plate_photo") VALUES (2, 8, 18, '2026-03-30T00:00:00.000Z', '40.40', '4.99', '201.60', 806, 'etanol', 'Auto posto novo pedagio', '', '2026-03-31T00:12:59.957Z', TRUE, NULL, NULL, '-22.7198467', '-43.687325', 'BR, Rodovia Presidente Dutra, Santa Alice, Seropédica, Região Geográfica Imediata do Rio de Janeiro, Região Metropolitana do Rio de Janeiro, Região Geográfica Intermediária do Rio de Janeiro, Rio de Janeiro, 23894-714, Brasil', NULL) ON CONFLICT ("id") DO NOTHING;
INSERT INTO "vehicle_fueling" ("id", "vehicle_id", "driver_id", "date", "liters", "cost_per_liter", "total_cost", "km", "fuel_type", "station", "notes", "created_at", "full_tank", "pump_photo", "odometer_photo", "latitude", "longitude", "address", "plate_photo") VALUES (3, 9, 20, '2026-03-31T00:00:00.000Z', '42.65', '4.69', '200.03', 626, 'gasolina', 'Shell ', NULL, '2026-03-31T11:46:28.114Z', TRUE, NULL, NULL, '-23.4794407', '-46.7271628', 'Shell, Avenida Raimundo Pereira de Magalhães, Vila Mirante, Pirituba, São Paulo, Região Imediata de São Paulo, Região Metropolitana de São Paulo, Região Geográfica Intermediária de São Paulo, São Paulo, Região Sudeste, 02945-170, Brasil', NULL) ON CONFLICT ("id") DO NOTHING;
INSERT INTO "vehicle_fueling" ("id", "vehicle_id", "driver_id", "date", "liters", "cost_per_liter", "total_cost", "km", "fuel_type", "station", "notes", "created_at", "full_tank", "pump_photo", "odometer_photo", "latitude", "longitude", "address", "plate_photo") VALUES (4, 8, 18, '2026-03-31T00:00:00.000Z', '21.51', '4.65', '100.00', 1256, 'gasolina', 'Auto posto payol shell', NULL, '2026-03-31T15:10:27.921Z', TRUE, NULL, NULL, '-23.4095452', '-46.9810457', 'Rua Doutor Paulo Arruda Bacaratt, Parque Payol I, Pirapora do Bom Jesus, Região Imediata de São Paulo, Região Metropolitana de São Paulo, Região Geográfica Intermediária de São Paulo, São Paulo, 06550-000, Brasil', NULL) ON CONFLICT ("id") DO NOTHING;
-- vehicle_maintenance: vazia
-- vehicle_assignments: vazia

-- -----------------------------------------------
-- WEAPONS (12 registros)
-- -----------------------------------------------
INSERT INTO "weapons" ("id", "type", "brand", "model", "caliber", "serial_number", "registration_number", "registration_expiry", "registration_file_data", "status", "assigned_employee_id", "notes", "created_at") VALUES (1, 'Revólver', 'TAURUS ARMAS S.A.', '082', '.38', 'CR789709', '002696051', '2031-03-19T00:00:00.000Z', NULL, 'disponível', NULL, 'SINARM: 2009/006971040-06', '2026-03-19T15:00:27.430Z') ON CONFLICT ("id") DO NOTHING;
INSERT INTO "weapons" ("id", "type", "brand", "model", "caliber", "serial_number", "registration_number", "registration_expiry", "registration_file_data", "status", "assigned_employee_id", "notes", "created_at") VALUES (2, 'Espingarda', 'BOITO', 'PUMP', '12 GA', 'G06569011', '002682955', '2031-03-19T00:00:00.000Z', NULL, 'disponível', NULL, 'SINARM: 2011/008143175-10', '2026-03-19T15:00:27.504Z') ON CONFLICT ("id") DO NOTHING;
INSERT INTO "weapons" ("id", "type", "brand", "model", "caliber", "serial_number", "registration_number", "registration_expiry", "registration_file_data", "status", "assigned_employee_id", "notes", "created_at") VALUES (3, 'Revólver', 'TAURUS ARMAS S.A.', '082', '.38', 'EW494532', '002802540', '2031-03-19T00:00:00.000Z', NULL, 'disponível', NULL, 'SINARM: 2011/008139473-23', '2026-03-19T15:00:27.574Z') ON CONFLICT ("id") DO NOTHING;
INSERT INTO "weapons" ("id", "type", "brand", "model", "caliber", "serial_number", "registration_number", "registration_expiry", "registration_file_data", "status", "assigned_employee_id", "notes", "created_at") VALUES (4, 'Espingarda', 'BOITO', 'PUMP', '12 GA', 'GO7691615', '002526417', '2031-03-19T00:00:00.000Z', NULL, 'disponível', NULL, 'SINARM: 2015/008592626-63', '2026-03-19T15:00:27.644Z') ON CONFLICT ("id") DO NOTHING;
INSERT INTO "weapons" ("id", "type", "brand", "model", "caliber", "serial_number", "registration_number", "registration_expiry", "registration_file_data", "status", "assigned_employee_id", "notes", "created_at") VALUES (5, 'Revólver', 'TAURUS ARMAS S.A.', '082', '.38', 'EW494535', '002802542', '2031-03-19T00:00:00.000Z', NULL, 'disponível', NULL, 'SINARM: 2011/008139476-76', '2026-03-19T15:00:27.713Z') ON CONFLICT ("id") DO NOTHING;
INSERT INTO "weapons" ("id", "type", "brand", "model", "caliber", "serial_number", "registration_number", "registration_expiry", "registration_file_data", "status", "assigned_employee_id", "notes", "created_at") VALUES (6, 'Espingarda', 'BOITO', 'PUMP', '12 GA', 'G06568511', '002684107', '2031-03-19T00:00:00.000Z', NULL, 'disponível', NULL, 'SINARM: 2011/008143180-87', '2026-03-19T15:00:27.783Z') ON CONFLICT ("id") DO NOTHING;
INSERT INTO "weapons" ("id", "type", "brand", "model", "caliber", "serial_number", "registration_number", "registration_expiry", "registration_file_data", "status", "assigned_employee_id", "notes", "created_at") VALUES (7, 'Espingarda', 'BOITO', 'PUMP', '12 GA', 'GO7691415', '002526442', '2031-03-19T00:00:00.000Z', NULL, 'disponível', NULL, 'SINARM: 2015/008592677-03', '2026-03-19T15:00:27.852Z') ON CONFLICT ("id") DO NOTHING;
INSERT INTO "weapons" ("id", "type", "brand", "model", "caliber", "serial_number", "registration_number", "registration_expiry", "registration_file_data", "status", "assigned_employee_id", "notes", "created_at") VALUES (8, 'Revólver', 'TAURUS ARMAS S.A.', '082', '.38', 'YD296815', '002682928', '2031-03-19T00:00:00.000Z', NULL, 'disponível', NULL, 'SINARM: 2005/005939207-58', '2026-03-19T15:00:27.922Z') ON CONFLICT ("id") DO NOTHING;
INSERT INTO "weapons" ("id", "type", "brand", "model", "caliber", "serial_number", "registration_number", "registration_expiry", "registration_file_data", "status", "assigned_employee_id", "notes", "created_at") VALUES (9, 'Revólver', 'TAURUS', 'REVOLVER 80', '.38', 'NJ134441', '000245860', '2031-07-06T00:00:00.000Z', '', 'disponível', NULL, '', '2026-03-31T11:55:17.347Z') ON CONFLICT ("id") DO NOTHING;
INSERT INTO "weapons" ("id", "type", "brand", "model", "caliber", "serial_number", "registration_number", "registration_expiry", "registration_file_data", "status", "assigned_employee_id", "notes", "created_at") VALUES (10, 'Revólver', 'TAURUS', 'REVOLVER', '.38', 'OA183119', '000479456', '2031-07-06T00:00:00.000Z', '', 'disponível', NULL, '', '2026-03-31T11:56:34.674Z') ON CONFLICT ("id") DO NOTHING;
INSERT INTO "weapons" ("id", "type", "brand", "model", "caliber", "serial_number", "registration_number", "registration_expiry", "registration_file_data", "status", "assigned_employee_id", "notes", "created_at") VALUES (11, 'Revólver', 'TAURUS', 'REVOLVER 80', '.38', 'SC722304', '000479510', '2031-07-06T00:00:00.000Z', '', 'disponível', NULL, '', '2026-03-31T11:57:26.659Z') ON CONFLICT ("id") DO NOTHING;
INSERT INTO "weapons" ("id", "type", "brand", "model", "caliber", "serial_number", "registration_number", "registration_expiry", "registration_file_data", "status", "assigned_employee_id", "notes", "created_at") VALUES (12, 'Revólver', 'TAURUS', 'S080', '.38', 'SI761073', '000280337', '2031-07-06T00:00:00.000Z', '', 'disponível', NULL, '', '2026-03-31T12:27:00.304Z') ON CONFLICT ("id") DO NOTHING;

-- -----------------------------------------------
-- WEAPON_KITS (2 registros)
-- -----------------------------------------------
INSERT INTO "weapon_kits" ("id", "name", "description", "status", "created_at") VALUES (7, 'KIT TORRES - 05', 'VTR: UER7D08', 'disponível', '2026-03-30T12:18:27.527Z') ON CONFLICT ("id") DO NOTHING;
INSERT INTO "weapon_kits" ("id", "name", "description", "status", "created_at") VALUES (8, 'KIT TORRES - 04', 'VTR: UEB7H08', 'disponível', '2026-03-31T00:06:02.788Z') ON CONFLICT ("id") DO NOTHING;

-- -----------------------------------------------
-- WEAPON_KIT_ITEMS (6 registros)
-- -----------------------------------------------
INSERT INTO "weapon_kit_items" ("id", "kit_id", "weapon_id", "created_at") VALUES (15, 7, 8, '2026-03-30T12:18:27.557Z') ON CONFLICT ("id") DO NOTHING;
INSERT INTO "weapon_kit_items" ("id", "kit_id", "weapon_id", "created_at") VALUES (16, 7, 3, '2026-03-30T12:18:27.589Z') ON CONFLICT ("id") DO NOTHING;
INSERT INTO "weapon_kit_items" ("id", "kit_id", "weapon_id", "created_at") VALUES (17, 7, 4, '2026-03-30T12:18:27.622Z') ON CONFLICT ("id") DO NOTHING;
INSERT INTO "weapon_kit_items" ("id", "kit_id", "weapon_id", "created_at") VALUES (24, 8, 7, '2026-03-31T12:40:48.389Z') ON CONFLICT ("id") DO NOTHING;
INSERT INTO "weapon_kit_items" ("id", "kit_id", "weapon_id", "created_at") VALUES (25, 8, 1, '2026-03-31T12:40:48.421Z') ON CONFLICT ("id") DO NOTHING;
INSERT INTO "weapon_kit_items" ("id", "kit_id", "weapon_id", "created_at") VALUES (26, 8, 9, '2026-03-31T12:40:48.451Z') ON CONFLICT ("id") DO NOTHING;
-- weapon_assignments: vazia

-- -----------------------------------------------
-- SERVICE_ORDERS (6 registros)
-- -----------------------------------------------
INSERT INTO "service_orders" ("id", "os_number", "client_id", "type", "description", "status", "priority", "scheduled_date", "completed_date", "assigned_employee_id", "assigned_employee_2_id", "vehicle_id", "mission_status", "escorted_driver_name", "escorted_vehicle_plate", "mission_started_at", "notes", "created_at", "kit_id", "route", "requester_name", "origin", "destination", "escorted_driver_phone", "base_return_km", "base_clean_status", "base_clean_notes", "base_checklist_confirmed", "step_logs", "origin_lat", "origin_lng", "destination_lat", "destination_lng", "early_start_approved", "escort_contract_id", "valor_estimado", "revenue_value", "cost_value", "tax_value", "snapshot_data", "approved_at", "approved_by", "edit_reason", "started_at", "finished_at") VALUES (21, 'TOR-0003', 6, 'escolta', 'CONTATO DO MOTORISTA', 'concluída', 'agendada', '2026-03-30T15:00:00.000Z', '2026-03-30T23:04:00.000Z', 18, 14, 8, 'encerrada', 'DANIEL FERREIRA', 'REJ2F30', '2026-03-30T15:00:00.000Z', '', '2026-03-30T00:39:44.913Z', 7, 'Rua Jamil João Zarif, 684 - Jardim Santa Vicencia, Guarulhos - SP, 07143-000, Brasil → Rio de Janeiro, RJ, Brasil', 'LUCAS', 'Rua Jamil João Zarif, 684 - Jardim Santa Vicencia, Guarulhos - SP, 07143-000, Brasil', 'Rio de Janeiro, RJ, Brasil', '(11)913350796', NULL, NULL, NULL, NULL, '{[object Object],[object Object],[object Object],[object Object],[object Object],[object Object],[object Object],[object Object],[object Object],[object Object],[object Object],[object Object],[object Object]}', NULL, NULL, NULL, NULL, FALSE, '05b9376f-17d6-488a-9f5f-c207b09255d3', 2774.6, NULL, NULL, NULL, NULL, NULL, NULL, NULL, NULL, NULL) ON CONFLICT ("id") DO NOTHING;
INSERT INTO "service_orders" ("id", "os_number", "client_id", "type", "description", "status", "priority", "scheduled_date", "completed_date", "assigned_employee_id", "assigned_employee_2_id", "vehicle_id", "mission_status", "escorted_driver_name", "escorted_vehicle_plate", "mission_started_at", "notes", "created_at", "kit_id", "route", "requester_name", "origin", "destination", "escorted_driver_phone", "base_return_km", "base_clean_status", "base_clean_notes", "base_checklist_confirmed", "step_logs", "origin_lat", "origin_lng", "destination_lat", "destination_lng", "early_start_approved", "escort_contract_id", "valor_estimado", "revenue_value", "cost_value", "tax_value", "snapshot_data", "approved_at", "approved_by", "edit_reason", "started_at", "finished_at") VALUES (22, 'TOR-0004', 6, 'escolta', '', 'concluída', 'agendada', '2026-03-31T12:00:00.000Z', '2026-03-31T22:02:05.401Z', 20, 19, 9, 'encerrada', 'EDIMAR NATIVIDADE DA LANA', 'QRW1C78', '2026-03-31T12:00:00.000Z', '', '2026-03-30T16:05:57.148Z', 8, 'Mineração Taboca - Unidade de Pirapora / Estr. dos Romeiros, 49 - Jardim Bom Jesus, Pirapora do Bom Jesus - SP, 06550-000 → Praça Yara Santini, 1223 - Vicente de Carvalho, Guarujá - SP, Brasil', 'MICHELLE', 'Mineração Taboca - Unidade de Pirapora / Estr. dos Romeiros, 49 - Jardim Bom Jesus, Pirapora do Bom Jesus - SP, 06550-000', 'Praça Yara Santini, 1223 - Vicente de Carvalho, Guarujá - SP, Brasil', '(13) 97410-0114', NULL, NULL, NULL, NULL, '{[object Object],[object Object],[object Object],[object Object],[object Object],[object Object],[object Object],[object Object],[object Object],[object Object],[object Object],[object Object],[object Object]}', NULL, NULL, NULL, NULL, FALSE, '05b9376f-17d6-488a-9f5f-c207b09255d3', 1590.8, NULL, NULL, NULL, NULL, NULL, NULL, NULL, NULL, NULL) ON CONFLICT ("id") DO NOTHING;
INSERT INTO "service_orders" ("id", "os_number", "client_id", "type", "description", "status", "priority", "scheduled_date", "completed_date", "assigned_employee_id", "assigned_employee_2_id", "vehicle_id", "mission_status", "escorted_driver_name", "escorted_vehicle_plate", "mission_started_at", "notes", "created_at", "kit_id", "route", "requester_name", "origin", "destination", "escorted_driver_phone", "base_return_km", "base_clean_status", "base_clean_notes", "base_checklist_confirmed", "step_logs", "origin_lat", "origin_lng", "destination_lat", "destination_lng", "early_start_approved", "escort_contract_id", "valor_estimado", "revenue_value", "cost_value", "tax_value", "snapshot_data", "approved_at", "approved_by", "edit_reason", "started_at", "finished_at") VALUES (24, 'TOR-0006', 6, 'escolta', '', 'concluída', 'agendada', '2026-03-31T10:00:00.000Z', '2026-03-31T18:26:05.634Z', 18, 14, 8, 'encerrada', 'MARCELO CICERO DA SILVA', 'GIF3G62', '2026-03-31T10:00:00.000Z', '', '2026-03-31T10:21:04.883Z', 7, 'Pirapora do Bom Jesus - Parque das Avencas, Pirapora do Bom Jesus - SP, Brasil → Guarulhos, SP, Brasil', 'CESARI', 'Pirapora do Bom Jesus - Parque das Avencas, Pirapora do Bom Jesus - SP, Brasil', 'Guarulhos, SP, Brasil', '11995937246', NULL, NULL, NULL, NULL, '{[object Object],[object Object],[object Object],[object Object],[object Object],[object Object],[object Object],[object Object],[object Object],[object Object],[object Object],[object Object]}', NULL, NULL, NULL, NULL, FALSE, '05b9376f-17d6-488a-9f5f-c207b09255d3', 1030, NULL, NULL, NULL, NULL, NULL, NULL, NULL, NULL, NULL) ON CONFLICT ("id") DO NOTHING;
INSERT INTO "service_orders" ("id", "os_number", "client_id", "type", "description", "status", "priority", "scheduled_date", "completed_date", "assigned_employee_id", "assigned_employee_2_id", "vehicle_id", "mission_status", "escorted_driver_name", "escorted_vehicle_plate", "mission_started_at", "notes", "created_at", "kit_id", "route", "requester_name", "origin", "destination", "escorted_driver_phone", "base_return_km", "base_clean_status", "base_clean_notes", "base_checklist_confirmed", "step_logs", "origin_lat", "origin_lng", "destination_lat", "destination_lng", "early_start_approved", "escort_contract_id", "valor_estimado", "revenue_value", "cost_value", "tax_value", "snapshot_data", "approved_at", "approved_by", "edit_reason", "started_at", "finished_at") VALUES (25, 'TOR-0007', 6, 'escolta', '', 'agendada', 'agendada', '2026-04-01T08:00:00.000Z', '1970-01-01T00:00:00.000Z', NULL, NULL, NULL, 'aguardando', 'ALTAIR RODRIGUES', ' LUM5G43 FFE2I61', '1970-01-01T00:00:00.000Z', '', '2026-03-31T18:30:01.225Z', NULL, 'Av. Francisco Roveri - Parque Residencial Almerinda Chaves, Jundiaí - SP, Brasil → Barueri, SP, Brasil', 'MICHELLE', 'Av. Francisco Roveri - Parque Residencial Almerinda Chaves, Jundiaí - SP, Brasil', 'Barueri, SP, Brasil', '11971044704', NULL, NULL, NULL, NULL, '{}', NULL, NULL, NULL, NULL, FALSE, '05b9376f-17d6-488a-9f5f-c207b09255d3', 480, NULL, NULL, NULL, NULL, NULL, NULL, NULL, NULL, NULL) ON CONFLICT ("id") DO NOTHING;
INSERT INTO "service_orders" ("id", "os_number", "client_id", "type", "description", "status", "priority", "scheduled_date", "completed_date", "assigned_employee_id", "assigned_employee_2_id", "vehicle_id", "mission_status", "escorted_driver_name", "escorted_vehicle_plate", "mission_started_at", "notes", "created_at", "kit_id", "route", "requester_name", "origin", "destination", "escorted_driver_phone", "base_return_km", "base_clean_status", "base_clean_notes", "base_checklist_confirmed", "step_logs", "origin_lat", "origin_lng", "destination_lat", "destination_lng", "early_start_approved", "escort_contract_id", "valor_estimado", "revenue_value", "cost_value", "tax_value", "snapshot_data", "approved_at", "approved_by", "edit_reason", "started_at", "finished_at") VALUES (26, 'TOR-0008', 6, 'escolta', '', 'agendada', 'reaproveitamento', '2026-04-01T18:30:00.000Z', '1970-01-01T00:00:00.000Z', NULL, NULL, NULL, 'aguardando', '', '', '1970-01-01T00:00:00.000Z', '', '2026-03-31T22:12:18.749Z', NULL, '', 'MICHELLE', 'Av. Francisco Roveri, 1413 - Jardim Novo Horizonte, Jundiaí - SP, Brasil', '200 KM SENT CURITIBA', '', NULL, NULL, NULL, NULL, '{}', -23.1436, -46.9963, NULL, NULL, FALSE, '05b9376f-17d6-488a-9f5f-c207b09255d3', 480, NULL, NULL, NULL, NULL, NULL, NULL, NULL, NULL, NULL) ON CONFLICT ("id") DO NOTHING;
INSERT INTO "service_orders" ("id", "os_number", "client_id", "type", "description", "status", "priority", "scheduled_date", "completed_date", "assigned_employee_id", "assigned_employee_2_id", "vehicle_id", "mission_status", "escorted_driver_name", "escorted_vehicle_plate", "mission_started_at", "notes", "created_at", "kit_id", "route", "requester_name", "origin", "destination", "escorted_driver_phone", "base_return_km", "base_clean_status", "base_clean_notes", "base_checklist_confirmed", "step_logs", "origin_lat", "origin_lng", "destination_lat", "destination_lng", "early_start_approved", "escort_contract_id", "valor_estimado", "revenue_value", "cost_value", "tax_value", "snapshot_data", "approved_at", "approved_by", "edit_reason", "started_at", "finished_at") VALUES (27, 'TOR-0009', 6, 'escolta', '', 'agendada', 'agendada', '2026-04-01T11:00:00.000Z', '1970-01-01T00:00:00.000Z', NULL, NULL, NULL, 'aguardando', ' OSMAR ALMEIDA PINHEIRO', 'GCM-9E63', '1970-01-01T00:00:00.000Z', '', '2026-03-31T22:13:38.973Z', NULL, 'Libraport - Avenida Comendador Aladino Selmi - Vila San Martin, Campinas - SP, Brasil → GLP Guarulhos - Avenida Júlia Gaioli - Água Chata, Guarulhos - SP, Brasil', 'MICHELE', 'Libraport - Avenida Comendador Aladino Selmi - Vila San Martin, Campinas - SP, Brasil', 'GLP Guarulhos - Avenida Júlia Gaioli - Água Chata, Guarulhos - SP, Brasil', '', NULL, NULL, NULL, NULL, '{}', -22.8421, -47.1505, NULL, NULL, FALSE, '05b9376f-17d6-488a-9f5f-c207b09255d3', 480, NULL, NULL, NULL, NULL, NULL, NULL, NULL, NULL, NULL) ON CONFLICT ("id") DO NOTHING;

-- -----------------------------------------------
-- MISSION_UPDATES (74 registros)
-- -----------------------------------------------
INSERT INTO "mission_updates" ("id", "service_order_id", "os_number", "employee_id", "employee_name", "message", "mission_step", "latitude", "longitude", "read_by_admin", "created_at") VALUES (11, 19, 'TOR-0003', 14, 'VITOR DE MACEDO SILVA', 'Missão segue padrão, sem novidades', 'em_transito_destino', '-23.497555368917865', '-46.799810766121674', 1, '2026-03-27T04:52:36.285Z') ON CONFLICT ("id") DO NOTHING;
INSERT INTO "mission_updates" ("id", "service_order_id", "os_number", "employee_id", "employee_name", "message", "mission_step", "latitude", "longitude", "read_by_admin", "created_at") VALUES (12, 21, 'TOR-0003', 14, 'VITOR DE MACEDO SILVA', 'EQUIPE EM DESLOCAMENTO!', 'em_transito_origem', '-23.483515', '-46.722525', 1, '2026-03-30T12:44:12.261Z') ON CONFLICT ("id") DO NOTHING;
INSERT INTO "mission_updates" ("id", "service_order_id", "os_number", "employee_id", "employee_name", "message", "mission_step", "latitude", "longitude", "read_by_admin", "created_at") VALUES (13, 21, 'TOR-0003', 18, 'VITOR DE MACEDO FRANÇA', '📷 Foto: escoltado_frente', 'checkin_veiculo_escoltado', '-23.4288073', '-46.495353', 1, '2026-03-30T16:04:10.986Z') ON CONFLICT ("id") DO NOTHING;
INSERT INTO "mission_updates" ("id", "service_order_id", "os_number", "employee_id", "employee_name", "message", "mission_step", "latitude", "longitude", "read_by_admin", "created_at") VALUES (14, 21, 'TOR-0003', 18, 'VITOR DE MACEDO FRANÇA', '📷 Foto: escoltado_traseira', 'checkin_veiculo_escoltado', '-23.4287319', '-46.495356', 1, '2026-03-30T16:04:14.278Z') ON CONFLICT ("id") DO NOTHING;
INSERT INTO "mission_updates" ("id", "service_order_id", "os_number", "employee_id", "employee_name", "message", "mission_step", "latitude", "longitude", "read_by_admin", "created_at") VALUES (15, 21, 'TOR-0003', 18, 'VITOR DE MACEDO FRANÇA', '🔄 Etapa avançada: checkin_veiculo_escoltado → Dados Motorista', 'checkin_dados_motorista', '-23.4287223', '-46.4953531', 1, '2026-03-30T16:04:15.154Z') ON CONFLICT ("id") DO NOTHING;
INSERT INTO "mission_updates" ("id", "service_order_id", "os_number", "employee_id", "employee_name", "message", "mission_step", "latitude", "longitude", "read_by_admin", "created_at") VALUES (16, 21, 'TOR-0003', 18, 'VITOR DE MACEDO FRANÇA', '🔄 Etapa avançada: Dados Motorista → Início Missão', 'iniciar_missao', '-23.4287188', '-46.4953523', 1, '2026-03-30T16:04:21.454Z') ON CONFLICT ("id") DO NOTHING;
INSERT INTO "mission_updates" ("id", "service_order_id", "os_number", "employee_id", "employee_name", "message", "mission_step", "latitude", "longitude", "read_by_admin", "created_at") VALUES (17, 21, 'TOR-0003', 18, 'VITOR DE MACEDO FRANÇA', '🔄 Etapa avançada: Início Missão → Em Trânsito Destino', 'em_transito_destino', '-23.4280083', '-46.4952633', 1, '2026-03-30T16:06:45.630Z') ON CONFLICT ("id") DO NOTHING;
INSERT INTO "mission_updates" ("id", "service_order_id", "os_number", "employee_id", "employee_name", "message", "mission_step", "latitude", "longitude", "read_by_admin", "created_at") VALUES (18, 21, 'TOR-0003', 18, 'VITOR DE MACEDO FRANÇA', 'Missão segue padrão, sem novidades', 'em_transito_destino', '-23.4343017', '-46.4954367', 1, '2026-03-30T16:54:02.401Z') ON CONFLICT ("id") DO NOTHING;
INSERT INTO "mission_updates" ("id", "service_order_id", "os_number", "employee_id", "employee_name", "message", "mission_step", "latitude", "longitude", "read_by_admin", "created_at") VALUES (19, 21, 'TOR-0003', 18, 'VITOR DE MACEDO FRANÇA', 'Missão segue padrão, sem novidades', 'em_transito_destino', '-23.36498', '-46.227375', 1, '2026-03-30T17:37:03.153Z') ON CONFLICT ("id") DO NOTHING;
INSERT INTO "mission_updates" ("id", "service_order_id", "os_number", "employee_id", "employee_name", "message", "mission_step", "latitude", "longitude", "read_by_admin", "created_at") VALUES (20, 21, 'TOR-0003', 18, 'VITOR DE MACEDO FRANÇA', 'Missão segue padrão, sem novidades', 'em_transito_destino', '-23.1513983', '-45.7839217', 1, '2026-03-30T18:16:57.770Z') ON CONFLICT ("id") DO NOTHING;
INSERT INTO "mission_updates" ("id", "service_order_id", "os_number", "employee_id", "employee_name", "message", "mission_step", "latitude", "longitude", "read_by_admin", "created_at") VALUES (21, 21, 'TOR-0003', 18, 'VITOR DE MACEDO FRANÇA', 'Missão segue padrão, sem novidades', 'em_transito_destino', '-22.8216566', '-45.1972583', 1, '2026-03-30T19:12:41.760Z') ON CONFLICT ("id") DO NOTHING;
INSERT INTO "mission_updates" ("id", "service_order_id", "os_number", "employee_id", "employee_name", "message", "mission_step", "latitude", "longitude", "read_by_admin", "created_at") VALUES (22, 21, 'TOR-0003', 18, 'VITOR DE MACEDO FRANÇA', 'Posto fiscal', 'em_transito_destino', '-22.5052833', '-44.6121717', 1, '2026-03-30T20:10:00.702Z') ON CONFLICT ("id") DO NOTHING;
INSERT INTO "mission_updates" ("id", "service_order_id", "os_number", "employee_id", "employee_name", "message", "mission_step", "latitude", "longitude", "read_by_admin", "created_at") VALUES (23, 21, 'TOR-0003', 18, 'VITOR DE MACEDO FRANÇA', 'Missão segue padrão, sem novidades', 'em_transito_destino', '-22.480065', '-44.53309', 1, '2026-03-30T20:19:01.233Z') ON CONFLICT ("id") DO NOTHING;
INSERT INTO "mission_updates" ("id", "service_order_id", "os_number", "employee_id", "employee_name", "message", "mission_step", "latitude", "longitude", "read_by_admin", "created_at") VALUES (24, 21, 'TOR-0003', 18, 'VITOR DE MACEDO FRANÇA', 'Missão segue padrão, sem novidades', 'em_transito_destino', '-22.5851833', '-44.007255', 1, '2026-03-30T21:08:30.959Z') ON CONFLICT ("id") DO NOTHING;
INSERT INTO "mission_updates" ("id", "service_order_id", "os_number", "employee_id", "employee_name", "message", "mission_step", "latitude", "longitude", "read_by_admin", "created_at") VALUES (25, 21, 'TOR-0003', 18, 'VITOR DE MACEDO FRANÇA', 'Missão segue padrão, sem novidades', 'em_transito_destino', '-22.738745', '-43.4758817', 1, '2026-03-30T22:15:55.403Z') ON CONFLICT ("id") DO NOTHING;
INSERT INTO "mission_updates" ("id", "service_order_id", "os_number", "employee_id", "employee_name", "message", "mission_step", "latitude", "longitude", "read_by_admin", "created_at") VALUES (26, 21, 'TOR-0003', 18, 'VITOR DE MACEDO FRANÇA', 'Chegada na origem', 'em_transito_destino', '-22.8312733', '-43.243405', 1, '2026-03-30T22:56:50.244Z') ON CONFLICT ("id") DO NOTHING;
INSERT INTO "mission_updates" ("id", "service_order_id", "os_number", "employee_id", "employee_name", "message", "mission_step", "latitude", "longitude", "read_by_admin", "created_at") VALUES (27, 21, 'TOR-0003', 18, 'VITOR DE MACEDO FRANÇA', '🔄 Etapa avançada: Em Trânsito Destino → Chegada Destino', 'chegada_destino', '-22.8310233', '-43.2439533', 1, '2026-03-30T22:57:33.410Z') ON CONFLICT ("id") DO NOTHING;
INSERT INTO "mission_updates" ("id", "service_order_id", "os_number", "employee_id", "employee_name", "message", "mission_step", "latitude", "longitude", "read_by_admin", "created_at") VALUES (28, 21, 'TOR-0003', 18, 'VITOR DE MACEDO FRANÇA', '📷 Foto: foto_local_destino', 'chegada_destino', '-22.8309333', '-43.24402', 1, '2026-03-30T22:58:16.698Z') ON CONFLICT ("id") DO NOTHING;
INSERT INTO "mission_updates" ("id", "service_order_id", "os_number", "employee_id", "employee_name", "message", "mission_step", "latitude", "longitude", "read_by_admin", "created_at") VALUES (29, 21, 'TOR-0003', 18, 'VITOR DE MACEDO FRANÇA', '📷 Foto: KM Final — KM 752', 'chegada_destino', '-22.8309267', '-43.2440283', 1, '2026-03-30T22:58:17.851Z') ON CONFLICT ("id") DO NOTHING;
INSERT INTO "mission_updates" ("id", "service_order_id", "os_number", "employee_id", "employee_name", "message", "mission_step", "latitude", "longitude", "read_by_admin", "created_at") VALUES (30, 21, 'TOR-0003', 18, 'VITOR DE MACEDO FRANÇA', '🔄 Etapa avançada: Chegada Destino → Finalizada', 'finalizada', '-22.8309067', '-43.2440583', 1, '2026-03-30T22:58:18.508Z') ON CONFLICT ("id") DO NOTHING;
INSERT INTO "mission_updates" ("id", "service_order_id", "os_number", "employee_id", "employee_name", "message", "mission_step", "latitude", "longitude", "read_by_admin", "created_at") VALUES (31, 24, 'TOR-0006', 14, 'EDIVANDO MEDEIROS DOS SANTOS', '🔄 Etapa avançada: Aguardando → checkout_armamento', 'checkout_armamento', '-23.4094383', '-46.9685817', 1, '2026-03-31T10:27:48.525Z') ON CONFLICT ("id") DO NOTHING;
INSERT INTO "mission_updates" ("id", "service_order_id", "os_number", "employee_id", "employee_name", "message", "mission_step", "latitude", "longitude", "read_by_admin", "created_at") VALUES (32, 24, 'TOR-0006', 14, 'EDIVANDO MEDEIROS DOS SANTOS', '📷 Foto: arma_pistola_1', 'checkout_armamento', '-23.40942', '-46.968595', 1, '2026-03-31T10:29:24.136Z') ON CONFLICT ("id") DO NOTHING;
INSERT INTO "mission_updates" ("id", "service_order_id", "os_number", "employee_id", "employee_name", "message", "mission_step", "latitude", "longitude", "read_by_admin", "created_at") VALUES (33, 24, 'TOR-0006', 14, 'EDIVANDO MEDEIROS DOS SANTOS', '📷 Foto: arma_pistola_2', 'checkout_armamento', '-23.409425', '-46.9685983', 1, '2026-03-31T10:29:25.878Z') ON CONFLICT ("id") DO NOTHING;
INSERT INTO "mission_updates" ("id", "service_order_id", "os_number", "employee_id", "employee_name", "message", "mission_step", "latitude", "longitude", "read_by_admin", "created_at") VALUES (34, 24, 'TOR-0006', 14, 'EDIVANDO MEDEIROS DOS SANTOS', '📷 Foto: arma_espingarda', 'checkout_armamento', '-23.40943', '-46.968595', 1, '2026-03-31T10:29:26.744Z') ON CONFLICT ("id") DO NOTHING;
INSERT INTO "mission_updates" ("id", "service_order_id", "os_number", "employee_id", "employee_name", "message", "mission_step", "latitude", "longitude", "read_by_admin", "created_at") VALUES (35, 24, 'TOR-0006', 14, 'EDIVANDO MEDEIROS DOS SANTOS', '🔄 Etapa avançada: checkout_armamento → checkout_viatura', 'checkout_viatura', '-23.4094367', '-46.968595', 1, '2026-03-31T10:29:27.701Z') ON CONFLICT ("id") DO NOTHING;
INSERT INTO "mission_updates" ("id", "service_order_id", "os_number", "employee_id", "employee_name", "message", "mission_step", "latitude", "longitude", "read_by_admin", "created_at") VALUES (36, 24, 'TOR-0006', 14, 'EDIVANDO MEDEIROS DOS SANTOS', '📷 Foto: Viatura Frente', 'checkout_viatura', '-23.4094667', '-46.9686117', 1, '2026-03-31T10:31:58.744Z') ON CONFLICT ("id") DO NOTHING;
INSERT INTO "mission_updates" ("id", "service_order_id", "os_number", "employee_id", "employee_name", "message", "mission_step", "latitude", "longitude", "read_by_admin", "created_at") VALUES (37, 24, 'TOR-0006', 14, 'EDIVANDO MEDEIROS DOS SANTOS', '📷 Foto: viatura_lateral_esq', 'checkout_viatura', '-23.4094667', '-46.9686117', 1, '2026-03-31T10:31:59.542Z') ON CONFLICT ("id") DO NOTHING;
INSERT INTO "mission_updates" ("id", "service_order_id", "os_number", "employee_id", "employee_name", "message", "mission_step", "latitude", "longitude", "read_by_admin", "created_at") VALUES (38, 24, 'TOR-0006', 14, 'EDIVANDO MEDEIROS DOS SANTOS', '📷 Foto: viatura_lateral_dir', 'checkout_viatura', '-23.4094667', '-46.9686117', 1, '2026-03-31T10:32:00.698Z') ON CONFLICT ("id") DO NOTHING;
INSERT INTO "mission_updates" ("id", "service_order_id", "os_number", "employee_id", "employee_name", "message", "mission_step", "latitude", "longitude", "read_by_admin", "created_at") VALUES (39, 24, 'TOR-0006', 14, 'EDIVANDO MEDEIROS DOS SANTOS', '📷 Foto: Viatura Traseira', 'checkout_viatura', '-23.4094667', '-46.9686117', 1, '2026-03-31T10:32:01.718Z') ON CONFLICT ("id") DO NOTHING;
INSERT INTO "mission_updates" ("id", "service_order_id", "os_number", "employee_id", "employee_name", "message", "mission_step", "latitude", "longitude", "read_by_admin", "created_at") VALUES (40, 24, 'TOR-0006', 14, 'EDIVANDO MEDEIROS DOS SANTOS', '🔄 Etapa avançada: checkout_viatura → Checkout KM Saída', 'checkout_km_saida', '-23.4094667', '-46.9686117', 1, '2026-03-31T10:32:02.569Z') ON CONFLICT ("id") DO NOTHING;
INSERT INTO "mission_updates" ("id", "service_order_id", "os_number", "employee_id", "employee_name", "message", "mission_step", "latitude", "longitude", "read_by_admin", "created_at") VALUES (41, 24, 'TOR-0006', 14, 'EDIVANDO MEDEIROS DOS SANTOS', '📷 Foto: KM Saída — KM 1.250', 'checkout_km_saida', '-23.40947', '-46.968605', 1, '2026-03-31T10:33:34.932Z') ON CONFLICT ("id") DO NOTHING;
INSERT INTO "mission_updates" ("id", "service_order_id", "os_number", "employee_id", "employee_name", "message", "mission_step", "latitude", "longitude", "read_by_admin", "created_at") VALUES (42, 24, 'TOR-0006', 14, 'EDIVANDO MEDEIROS DOS SANTOS', '🔄 Etapa avançada: Checkout KM Saída → Em Trânsito Origem', 'em_transito_origem', '-23.40947', '-46.968605', 1, '2026-03-31T10:33:35.666Z') ON CONFLICT ("id") DO NOTHING;
INSERT INTO "mission_updates" ("id", "service_order_id", "os_number", "employee_id", "employee_name", "message", "mission_step", "latitude", "longitude", "read_by_admin", "created_at") VALUES (43, 24, 'TOR-0006', 14, 'EDIVANDO MEDEIROS DOS SANTOS', '🔄 Etapa avançada: Em Trânsito Origem → Chegada Cliente', 'checkin_chegada_km', '-23.4095124', '-46.9678965', 1, '2026-03-31T10:36:28.452Z') ON CONFLICT ("id") DO NOTHING;
INSERT INTO "mission_updates" ("id", "service_order_id", "os_number", "employee_id", "employee_name", "message", "mission_step", "latitude", "longitude", "read_by_admin", "created_at") VALUES (44, 24, 'TOR-0006', 14, 'EDIVANDO MEDEIROS DOS SANTOS', '📷 Foto: KM Chegada — KM 1.250', 'checkin_chegada_km', '-23.4094917', '-46.9686133', 1, '2026-03-31T10:50:06.715Z') ON CONFLICT ("id") DO NOTHING;
INSERT INTO "mission_updates" ("id", "service_order_id", "os_number", "employee_id", "employee_name", "message", "mission_step", "latitude", "longitude", "read_by_admin", "created_at") VALUES (45, 24, 'TOR-0006', 14, 'EDIVANDO MEDEIROS DOS SANTOS', '📷 Foto: agente_equipado — KM 1.250', 'checkin_chegada_km', '-23.4094883', '-46.968615', 1, '2026-03-31T10:50:07.715Z') ON CONFLICT ("id") DO NOTHING;
INSERT INTO "mission_updates" ("id", "service_order_id", "os_number", "employee_id", "employee_name", "message", "mission_step", "latitude", "longitude", "read_by_admin", "created_at") VALUES (46, 24, 'TOR-0006', 14, 'EDIVANDO MEDEIROS DOS SANTOS', '🔄 Etapa avançada: Chegada Cliente → checkin_veiculo_escoltado', 'checkin_veiculo_escoltado', '-23.4094883', '-46.9686167', 1, '2026-03-31T10:50:08.569Z') ON CONFLICT ("id") DO NOTHING;
INSERT INTO "mission_updates" ("id", "service_order_id", "os_number", "employee_id", "employee_name", "message", "mission_step", "latitude", "longitude", "read_by_admin", "created_at") VALUES (47, 22, 'TOR-0004', 20, 'DAVID EDSON GONÇALVES NEVES', '📷 Foto: arma_pistola_1', 'checkout_armamento', '-23.4820561', '-46.7230059', 1, '2026-03-31T11:19:54.506Z') ON CONFLICT ("id") DO NOTHING;
INSERT INTO "mission_updates" ("id", "service_order_id", "os_number", "employee_id", "employee_name", "message", "mission_step", "latitude", "longitude", "read_by_admin", "created_at") VALUES (48, 22, 'TOR-0004', 20, 'DAVID EDSON GONÇALVES NEVES', '📷 Foto: arma_pistola_2', 'checkout_armamento', '-23.482056', '-46.7230059', 1, '2026-03-31T11:19:55.475Z') ON CONFLICT ("id") DO NOTHING;
INSERT INTO "mission_updates" ("id", "service_order_id", "os_number", "employee_id", "employee_name", "message", "mission_step", "latitude", "longitude", "read_by_admin", "created_at") VALUES (49, 22, 'TOR-0004', 20, 'DAVID EDSON GONÇALVES NEVES', '📷 Foto: arma_espingarda', 'checkout_armamento', '-23.4820561', '-46.7230059', 1, '2026-03-31T11:19:56.514Z') ON CONFLICT ("id") DO NOTHING;
INSERT INTO "mission_updates" ("id", "service_order_id", "os_number", "employee_id", "employee_name", "message", "mission_step", "latitude", "longitude", "read_by_admin", "created_at") VALUES (50, 22, 'TOR-0004', 20, 'DAVID EDSON GONÇALVES NEVES', '🔄 Etapa avançada: checkout_armamento → checkout_viatura', 'checkout_viatura', '-23.482056', '-46.7230059', 1, '2026-03-31T11:19:57.578Z') ON CONFLICT ("id") DO NOTHING;
INSERT INTO "mission_updates" ("id", "service_order_id", "os_number", "employee_id", "employee_name", "message", "mission_step", "latitude", "longitude", "read_by_admin", "created_at") VALUES (51, 22, 'TOR-0004', 19, 'PEDRO DOS SANTOS SANTANA', '📷 Foto: Viatura Frente', 'checkout_viatura', '-23.4821256', '-46.7233022', 1, '2026-03-31T11:23:29.058Z') ON CONFLICT ("id") DO NOTHING;
INSERT INTO "mission_updates" ("id", "service_order_id", "os_number", "employee_id", "employee_name", "message", "mission_step", "latitude", "longitude", "read_by_admin", "created_at") VALUES (52, 22, 'TOR-0004', 19, 'PEDRO DOS SANTOS SANTANA', '📷 Foto: viatura_lateral_esq', 'checkout_viatura', '-23.4821231', '-46.7232975', 1, '2026-03-31T11:23:34.991Z') ON CONFLICT ("id") DO NOTHING;
INSERT INTO "mission_updates" ("id", "service_order_id", "os_number", "employee_id", "employee_name", "message", "mission_step", "latitude", "longitude", "read_by_admin", "created_at") VALUES (53, 22, 'TOR-0004', 19, 'PEDRO DOS SANTOS SANTANA', '📷 Foto: viatura_lateral_dir', 'checkout_viatura', '-23.4821203', '-46.7232999', 1, '2026-03-31T11:23:41.003Z') ON CONFLICT ("id") DO NOTHING;
INSERT INTO "mission_updates" ("id", "service_order_id", "os_number", "employee_id", "employee_name", "message", "mission_step", "latitude", "longitude", "read_by_admin", "created_at") VALUES (54, 22, 'TOR-0004', 19, 'PEDRO DOS SANTOS SANTANA', '📷 Foto: Viatura Traseira', 'checkout_viatura', '-23.4821185', '-46.7233014', 1, '2026-03-31T11:23:45.945Z') ON CONFLICT ("id") DO NOTHING;
INSERT INTO "mission_updates" ("id", "service_order_id", "os_number", "employee_id", "employee_name", "message", "mission_step", "latitude", "longitude", "read_by_admin", "created_at") VALUES (55, 22, 'TOR-0004', 19, 'PEDRO DOS SANTOS SANTANA', '🔄 Etapa avançada: checkout_viatura → Checkout KM Saída', 'checkout_km_saida', '-23.482118', '-46.7233018', 1, '2026-03-31T11:23:46.839Z') ON CONFLICT ("id") DO NOTHING;
INSERT INTO "mission_updates" ("id", "service_order_id", "os_number", "employee_id", "employee_name", "message", "mission_step", "latitude", "longitude", "read_by_admin", "created_at") VALUES (56, 22, 'TOR-0004', 19, 'PEDRO DOS SANTOS SANTANA', '📷 Foto: KM Saída — KM 626', 'checkout_km_saida', '-23.4821227', '-46.7232632', 1, '2026-03-31T11:26:32.807Z') ON CONFLICT ("id") DO NOTHING;
INSERT INTO "mission_updates" ("id", "service_order_id", "os_number", "employee_id", "employee_name", "message", "mission_step", "latitude", "longitude", "read_by_admin", "created_at") VALUES (57, 22, 'TOR-0004', 19, 'PEDRO DOS SANTOS SANTANA', '🔄 Etapa avançada: Checkout KM Saída → Em Trânsito Origem', 'em_transito_origem', '-23.4821297', '-46.7232847', 1, '2026-03-31T11:26:36.549Z') ON CONFLICT ("id") DO NOTHING;
INSERT INTO "mission_updates" ("id", "service_order_id", "os_number", "employee_id", "employee_name", "message", "mission_step", "latitude", "longitude", "read_by_admin", "created_at") VALUES (58, 22, 'TOR-0004', 20, 'DAVID EDSON GONÇALVES NEVES', '🔄 Etapa avançada: Em Trânsito Origem → Chegada Cliente', 'checkin_chegada_km', '-23.4094591', '-46.9677944', 1, '2026-03-31T12:54:29.451Z') ON CONFLICT ("id") DO NOTHING;
INSERT INTO "mission_updates" ("id", "service_order_id", "os_number", "employee_id", "employee_name", "message", "mission_step", "latitude", "longitude", "read_by_admin", "created_at") VALUES (59, 22, 'TOR-0004', 20, 'DAVID EDSON GONÇALVES NEVES', '📷 Foto: KM Chegada — KM 667', 'checkin_chegada_km', '-23.4095293', '-46.9686085', 1, '2026-03-31T13:03:00.743Z') ON CONFLICT ("id") DO NOTHING;
INSERT INTO "mission_updates" ("id", "service_order_id", "os_number", "employee_id", "employee_name", "message", "mission_step", "latitude", "longitude", "read_by_admin", "created_at") VALUES (60, 22, 'TOR-0004', 20, 'DAVID EDSON GONÇALVES NEVES', '📷 Foto: agente_equipado — KM 667', 'checkin_chegada_km', '-23.4095321', '-46.968608', 1, '2026-03-31T13:03:01.675Z') ON CONFLICT ("id") DO NOTHING;
INSERT INTO "mission_updates" ("id", "service_order_id", "os_number", "employee_id", "employee_name", "message", "mission_step", "latitude", "longitude", "read_by_admin", "created_at") VALUES (61, 22, 'TOR-0004', 20, 'DAVID EDSON GONÇALVES NEVES', '🔄 Etapa avançada: Chegada Cliente → checkin_veiculo_escoltado', 'checkin_veiculo_escoltado', '-23.4095357', '-46.9686103', 1, '2026-03-31T13:03:02.544Z') ON CONFLICT ("id") DO NOTHING;
INSERT INTO "mission_updates" ("id", "service_order_id", "os_number", "employee_id", "employee_name", "message", "mission_step", "latitude", "longitude", "read_by_admin", "created_at") VALUES (62, 24, 'TOR-0006', 14, 'EDIVANDO MEDEIROS DOS SANTOS', '📷 Foto: escoltado_frente', 'checkin_veiculo_escoltado', '-23.409195', '-46.9664983', 1, '2026-03-31T15:50:43.170Z') ON CONFLICT ("id") DO NOTHING;
INSERT INTO "mission_updates" ("id", "service_order_id", "os_number", "employee_id", "employee_name", "message", "mission_step", "latitude", "longitude", "read_by_admin", "created_at") VALUES (63, 24, 'TOR-0006', 14, 'EDIVANDO MEDEIROS DOS SANTOS', '📷 Foto: escoltado_traseira', 'checkin_veiculo_escoltado', '-23.4092517', '-46.966485', 1, '2026-03-31T15:50:44.092Z') ON CONFLICT ("id") DO NOTHING;
INSERT INTO "mission_updates" ("id", "service_order_id", "os_number", "employee_id", "employee_name", "message", "mission_step", "latitude", "longitude", "read_by_admin", "created_at") VALUES (64, 24, 'TOR-0006', 14, 'EDIVANDO MEDEIROS DOS SANTOS', '🔄 Etapa avançada: checkin_veiculo_escoltado → Dados Motorista', 'checkin_dados_motorista', '-23.4093933', '-46.9664733', 1, '2026-03-31T15:50:45.214Z') ON CONFLICT ("id") DO NOTHING;
INSERT INTO "mission_updates" ("id", "service_order_id", "os_number", "employee_id", "employee_name", "message", "mission_step", "latitude", "longitude", "read_by_admin", "created_at") VALUES (65, 24, 'TOR-0006', 14, 'EDIVANDO MEDEIROS DOS SANTOS', '🔄 Etapa avançada: Dados Motorista → Início Missão', 'iniciar_missao', '-23.409705', '-46.9665667', 1, '2026-03-31T15:50:57.523Z') ON CONFLICT ("id") DO NOTHING;
INSERT INTO "mission_updates" ("id", "service_order_id", "os_number", "employee_id", "employee_name", "message", "mission_step", "latitude", "longitude", "read_by_admin", "created_at") VALUES (66, 24, 'TOR-0006', 14, 'EDIVANDO MEDEIROS DOS SANTOS', '🔄 Etapa avançada: Início Missão → Em Trânsito Destino', 'em_transito_destino', '-23.4097083', '-46.9665717', 1, '2026-03-31T15:51:06.495Z') ON CONFLICT ("id") DO NOTHING;
INSERT INTO "mission_updates" ("id", "service_order_id", "os_number", "employee_id", "employee_name", "message", "mission_step", "latitude", "longitude", "read_by_admin", "created_at") VALUES (67, 24, 'TOR-0006', 14, 'EDIVANDO MEDEIROS DOS SANTOS', 'Missão segue padrão, sem novidades', 'em_transito_destino', '-23.616675', '-46.8256883', 1, '2026-03-31T16:49:39.999Z') ON CONFLICT ("id") DO NOTHING;
INSERT INTO "mission_updates" ("id", "service_order_id", "os_number", "employee_id", "employee_name", "message", "mission_step", "latitude", "longitude", "read_by_admin", "created_at") VALUES (68, 22, 'TOR-0004', 20, 'DAVID EDSON GONÇALVES NEVES', '📷 Foto: escoltado_frente', 'checkin_veiculo_escoltado', '-23.4093172', '-46.968058', 1, '2026-03-31T17:20:28.475Z') ON CONFLICT ("id") DO NOTHING;
INSERT INTO "mission_updates" ("id", "service_order_id", "os_number", "employee_id", "employee_name", "message", "mission_step", "latitude", "longitude", "read_by_admin", "created_at") VALUES (69, 22, 'TOR-0004', 20, 'DAVID EDSON GONÇALVES NEVES', '📷 Foto: escoltado_traseira', 'checkin_veiculo_escoltado', '-23.4095617', '-46.9680129', 1, '2026-03-31T17:20:29.218Z') ON CONFLICT ("id") DO NOTHING;
INSERT INTO "mission_updates" ("id", "service_order_id", "os_number", "employee_id", "employee_name", "message", "mission_step", "latitude", "longitude", "read_by_admin", "created_at") VALUES (70, 22, 'TOR-0004', 20, 'DAVID EDSON GONÇALVES NEVES', '🔄 Etapa avançada: checkin_veiculo_escoltado → Dados Motorista', 'checkin_dados_motorista', '-23.4095703', '-46.9680082', 1, '2026-03-31T17:20:30.306Z') ON CONFLICT ("id") DO NOTHING;
INSERT INTO "mission_updates" ("id", "service_order_id", "os_number", "employee_id", "employee_name", "message", "mission_step", "latitude", "longitude", "read_by_admin", "created_at") VALUES (71, 22, 'TOR-0004', 20, 'DAVID EDSON GONÇALVES NEVES', '🔄 Etapa avançada: Dados Motorista → Início Missão', 'iniciar_missao', '-23.4096854', '-46.9675139', 1, '2026-03-31T17:20:44.394Z') ON CONFLICT ("id") DO NOTHING;
INSERT INTO "mission_updates" ("id", "service_order_id", "os_number", "employee_id", "employee_name", "message", "mission_step", "latitude", "longitude", "read_by_admin", "created_at") VALUES (72, 22, 'TOR-0004', 20, 'DAVID EDSON GONÇALVES NEVES', '🔄 Etapa avançada: Início Missão → Em Trânsito Destino', 'em_transito_destino', '-23.409679', '-46.9673429', 1, '2026-03-31T17:20:51.379Z') ON CONFLICT ("id") DO NOTHING;
INSERT INTO "mission_updates" ("id", "service_order_id", "os_number", "employee_id", "employee_name", "message", "mission_step", "latitude", "longitude", "read_by_admin", "created_at") VALUES (73, 24, 'TOR-0006', 18, 'VITOR DE MACEDO FRANÇA', 'Missão segue padrão, sem novidades', 'em_transito_destino', '-23.61518', '-46.3611549', 1, '2026-03-31T17:51:30.684Z') ON CONFLICT ("id") DO NOTHING;
INSERT INTO "mission_updates" ("id", "service_order_id", "os_number", "employee_id", "employee_name", "message", "mission_step", "latitude", "longitude", "read_by_admin", "created_at") VALUES (74, 24, 'TOR-0006', 14, 'EDIVANDO MEDEIROS DOS SANTOS', '🔄 Etapa avançada: Em Trânsito Destino → Chegada Destino', 'chegada_destino', '-23.4163733', '-46.373335', 1, '2026-03-31T18:13:18.600Z') ON CONFLICT ("id") DO NOTHING;
INSERT INTO "mission_updates" ("id", "service_order_id", "os_number", "employee_id", "employee_name", "message", "mission_step", "latitude", "longitude", "read_by_admin", "created_at") VALUES (75, 22, 'TOR-0004', 20, 'DAVID EDSON GONÇALVES NEVES', 'Missão segue padrão, sem novidades', 'em_transito_destino', '-23.5781503', '-46.8095974', 1, '2026-03-31T18:20:21.797Z') ON CONFLICT ("id") DO NOTHING;
INSERT INTO "mission_updates" ("id", "service_order_id", "os_number", "employee_id", "employee_name", "message", "mission_step", "latitude", "longitude", "read_by_admin", "created_at") VALUES (76, 24, 'TOR-0006', 14, 'EDIVANDO MEDEIROS DOS SANTOS', '📷 Foto: foto_local_destino', 'chegada_destino', '-23.4181043', '-46.3820338', 1, '2026-03-31T18:23:27.244Z') ON CONFLICT ("id") DO NOTHING;
INSERT INTO "mission_updates" ("id", "service_order_id", "os_number", "employee_id", "employee_name", "message", "mission_step", "latitude", "longitude", "read_by_admin", "created_at") VALUES (77, 24, 'TOR-0006', 14, 'EDIVANDO MEDEIROS DOS SANTOS', '📷 Foto: KM Final — KM 1.400', 'chegada_destino', '-23.4181083', '-46.3822', 1, '2026-03-31T18:23:28.724Z') ON CONFLICT ("id") DO NOTHING;
INSERT INTO "mission_updates" ("id", "service_order_id", "os_number", "employee_id", "employee_name", "message", "mission_step", "latitude", "longitude", "read_by_admin", "created_at") VALUES (78, 24, 'TOR-0006', 14, 'EDIVANDO MEDEIROS DOS SANTOS', '🔄 Etapa avançada: Chegada Destino → Finalizada', 'finalizada', '-23.4181233', '-46.3822083', 1, '2026-03-31T18:23:29.565Z') ON CONFLICT ("id") DO NOTHING;
INSERT INTO "mission_updates" ("id", "service_order_id", "os_number", "employee_id", "employee_name", "message", "mission_step", "latitude", "longitude", "read_by_admin", "created_at") VALUES (79, 22, 'TOR-0004', 20, 'DAVID EDSON GONÇALVES NEVES', 'Missão segue padrão, sem novidades', 'em_transito_destino', '-23.7389723', '-46.8135604', 1, '2026-03-31T18:40:10.585Z') ON CONFLICT ("id") DO NOTHING;
INSERT INTO "mission_updates" ("id", "service_order_id", "os_number", "employee_id", "employee_name", "message", "mission_step", "latitude", "longitude", "read_by_admin", "created_at") VALUES (80, 22, 'TOR-0004', 20, 'DAVID EDSON GONÇALVES NEVES', 'Missão segue padrão, sem novidades', 'em_transito_destino', '-23.8929758', '-46.4381014', 1, '2026-03-31T19:46:35.519Z') ON CONFLICT ("id") DO NOTHING;
INSERT INTO "mission_updates" ("id", "service_order_id", "os_number", "employee_id", "employee_name", "message", "mission_step", "latitude", "longitude", "read_by_admin", "created_at") VALUES (81, 22, 'TOR-0004', 20, 'DAVID EDSON GONÇALVES NEVES', '🔄 Etapa avançada: Em Trânsito Destino → Chegada Destino', 'chegada_destino', '-23.8516469', '-46.3919297', 1, '2026-03-31T19:57:38.449Z') ON CONFLICT ("id") DO NOTHING;
INSERT INTO "mission_updates" ("id", "service_order_id", "os_number", "employee_id", "employee_name", "message", "mission_step", "latitude", "longitude", "read_by_admin", "created_at") VALUES (82, 22, 'TOR-0004', 20, 'DAVID EDSON GONÇALVES NEVES', '📷 Foto: foto_local_destino', 'chegada_destino', '-23.8515768', '-46.3920965', 1, '2026-03-31T19:58:41.701Z') ON CONFLICT ("id") DO NOTHING;
INSERT INTO "mission_updates" ("id", "service_order_id", "os_number", "employee_id", "employee_name", "message", "mission_step", "latitude", "longitude", "read_by_admin", "created_at") VALUES (83, 22, 'TOR-0004', 20, 'DAVID EDSON GONÇALVES NEVES', '📷 Foto: KM Final — KM 797', 'chegada_destino', '-23.8515754', '-46.3920949', 1, '2026-03-31T19:58:43.428Z') ON CONFLICT ("id") DO NOTHING;
INSERT INTO "mission_updates" ("id", "service_order_id", "os_number", "employee_id", "employee_name", "message", "mission_step", "latitude", "longitude", "read_by_admin", "created_at") VALUES (84, 22, 'TOR-0004', 20, 'DAVID EDSON GONÇALVES NEVES', '🔄 Etapa avançada: Chegada Destino → Finalizada', 'finalizada', '-23.8515746', '-46.3920924', 1, '2026-03-31T19:58:44.476Z') ON CONFLICT ("id") DO NOTHING;

-- -----------------------------------------------
-- MISSION_COSTS (1 registros)
-- -----------------------------------------------
INSERT INTO "mission_costs" ("id", "service_order_id", "category", "description", "amount", "created_at") VALUES (1, 21, 'Pedágio', 'Ref. pedagio para RJ', '139.60', '2026-03-30T14:48:16.654Z') ON CONFLICT ("id") DO NOTHING;
-- mission_positions: vazia

-- -----------------------------------------------
-- MISSION_PHOTOS (116 registros)
-- -----------------------------------------------
INSERT INTO "mission_photos" ("id", "service_order_id", "employee_id", "step", "km_value", "latitude", "longitude", "notes", "created_at") VALUES (1, 11, 2, 'arma_pistola_1', NULL, NULL, NULL, NULL, '2026-03-21T11:08:03.202Z') ON CONFLICT ("id") DO NOTHING;
INSERT INTO "mission_photos" ("id", "service_order_id", "employee_id", "step", "km_value", "latitude", "longitude", "notes", "created_at") VALUES (2, 11, 2, 'arma_pistola_2', NULL, NULL, NULL, NULL, '2026-03-21T11:08:03.558Z') ON CONFLICT ("id") DO NOTHING;
INSERT INTO "mission_photos" ("id", "service_order_id", "employee_id", "step", "km_value", "latitude", "longitude", "notes", "created_at") VALUES (3, 11, 2, 'arma_espingarda', NULL, NULL, NULL, NULL, '2026-03-21T11:08:03.906Z') ON CONFLICT ("id") DO NOTHING;
INSERT INTO "mission_photos" ("id", "service_order_id", "employee_id", "step", "km_value", "latitude", "longitude", "notes", "created_at") VALUES (4, 11, 2, 'viatura_frente', NULL, NULL, NULL, NULL, '2026-03-21T11:08:04.669Z') ON CONFLICT ("id") DO NOTHING;
INSERT INTO "mission_photos" ("id", "service_order_id", "employee_id", "step", "km_value", "latitude", "longitude", "notes", "created_at") VALUES (5, 11, 2, 'viatura_lateral_esq', NULL, NULL, NULL, NULL, '2026-03-21T11:08:05.030Z') ON CONFLICT ("id") DO NOTHING;
INSERT INTO "mission_photos" ("id", "service_order_id", "employee_id", "step", "km_value", "latitude", "longitude", "notes", "created_at") VALUES (6, 11, 2, 'viatura_lateral_dir', NULL, NULL, NULL, NULL, '2026-03-21T11:08:05.382Z') ON CONFLICT ("id") DO NOTHING;
INSERT INTO "mission_photos" ("id", "service_order_id", "employee_id", "step", "km_value", "latitude", "longitude", "notes", "created_at") VALUES (7, 11, 2, 'viatura_traseira', NULL, NULL, NULL, NULL, '2026-03-21T11:08:05.731Z') ON CONFLICT ("id") DO NOTHING;
INSERT INTO "mission_photos" ("id", "service_order_id", "employee_id", "step", "km_value", "latitude", "longitude", "notes", "created_at") VALUES (8, 11, 2, 'km_saida', 45230, NULL, NULL, NULL, '2026-03-21T11:08:06.494Z') ON CONFLICT ("id") DO NOTHING;
INSERT INTO "mission_photos" ("id", "service_order_id", "employee_id", "step", "km_value", "latitude", "longitude", "notes", "created_at") VALUES (9, 11, 2, 'km_chegada', 45280, NULL, NULL, NULL, '2026-03-21T11:08:07.597Z') ON CONFLICT ("id") DO NOTHING;
INSERT INTO "mission_photos" ("id", "service_order_id", "employee_id", "step", "km_value", "latitude", "longitude", "notes", "created_at") VALUES (10, 11, 2, 'escoltado_frente', NULL, NULL, NULL, NULL, '2026-03-21T11:08:08.356Z') ON CONFLICT ("id") DO NOTHING;
INSERT INTO "mission_photos" ("id", "service_order_id", "employee_id", "step", "km_value", "latitude", "longitude", "notes", "created_at") VALUES (11, 11, 2, 'escoltado_traseira', NULL, NULL, NULL, NULL, '2026-03-21T11:08:08.704Z') ON CONFLICT ("id") DO NOTHING;
INSERT INTO "mission_photos" ("id", "service_order_id", "employee_id", "step", "km_value", "latitude", "longitude", "notes", "created_at") VALUES (12, 11, 2, 'km_final', 45350, NULL, NULL, NULL, '2026-03-21T11:08:11.236Z') ON CONFLICT ("id") DO NOTHING;
INSERT INTO "mission_photos" ("id", "service_order_id", "employee_id", "step", "km_value", "latitude", "longitude", "notes", "created_at") VALUES (13, 11, 2, 'viatura_retorno_frente', NULL, NULL, NULL, NULL, '2026-03-21T11:08:12.004Z') ON CONFLICT ("id") DO NOTHING;
INSERT INTO "mission_photos" ("id", "service_order_id", "employee_id", "step", "km_value", "latitude", "longitude", "notes", "created_at") VALUES (14, 11, 2, 'viatura_retorno_lateral_esq', NULL, NULL, NULL, NULL, '2026-03-21T11:08:12.354Z') ON CONFLICT ("id") DO NOTHING;
INSERT INTO "mission_photos" ("id", "service_order_id", "employee_id", "step", "km_value", "latitude", "longitude", "notes", "created_at") VALUES (15, 11, 2, 'viatura_retorno_lateral_dir', NULL, NULL, NULL, NULL, '2026-03-21T11:08:12.696Z') ON CONFLICT ("id") DO NOTHING;
INSERT INTO "mission_photos" ("id", "service_order_id", "employee_id", "step", "km_value", "latitude", "longitude", "notes", "created_at") VALUES (16, 11, 2, 'viatura_retorno_traseira', NULL, NULL, NULL, NULL, '2026-03-21T11:08:13.039Z') ON CONFLICT ("id") DO NOTHING;
INSERT INTO "mission_photos" ("id", "service_order_id", "employee_id", "step", "km_value", "latitude", "longitude", "notes", "created_at") VALUES (17, 12, 2, 'arma_pistola_1', NULL, NULL, NULL, NULL, '2026-03-21T16:07:17.513Z') ON CONFLICT ("id") DO NOTHING;
INSERT INTO "mission_photos" ("id", "service_order_id", "employee_id", "step", "km_value", "latitude", "longitude", "notes", "created_at") VALUES (18, 12, 2, 'arma_pistola_2', NULL, NULL, NULL, NULL, '2026-03-21T16:07:17.943Z') ON CONFLICT ("id") DO NOTHING;
INSERT INTO "mission_photos" ("id", "service_order_id", "employee_id", "step", "km_value", "latitude", "longitude", "notes", "created_at") VALUES (19, 12, 2, 'arma_espingarda', NULL, NULL, NULL, NULL, '2026-03-21T16:07:18.379Z') ON CONFLICT ("id") DO NOTHING;
INSERT INTO "mission_photos" ("id", "service_order_id", "employee_id", "step", "km_value", "latitude", "longitude", "notes", "created_at") VALUES (20, 12, 2, 'viatura_frente', NULL, NULL, NULL, NULL, '2026-03-21T16:07:19.243Z') ON CONFLICT ("id") DO NOTHING;
INSERT INTO "mission_photos" ("id", "service_order_id", "employee_id", "step", "km_value", "latitude", "longitude", "notes", "created_at") VALUES (21, 12, 2, 'viatura_lateral_esq', NULL, NULL, NULL, NULL, '2026-03-21T16:07:19.685Z') ON CONFLICT ("id") DO NOTHING;
INSERT INTO "mission_photos" ("id", "service_order_id", "employee_id", "step", "km_value", "latitude", "longitude", "notes", "created_at") VALUES (22, 12, 2, 'viatura_lateral_dir', NULL, NULL, NULL, NULL, '2026-03-21T16:07:20.130Z') ON CONFLICT ("id") DO NOTHING;
INSERT INTO "mission_photos" ("id", "service_order_id", "employee_id", "step", "km_value", "latitude", "longitude", "notes", "created_at") VALUES (23, 12, 2, 'viatura_traseira', NULL, NULL, NULL, NULL, '2026-03-21T16:07:20.577Z') ON CONFLICT ("id") DO NOTHING;
INSERT INTO "mission_photos" ("id", "service_order_id", "employee_id", "step", "km_value", "latitude", "longitude", "notes", "created_at") VALUES (24, 12, 2, 'km_saida', 45230, NULL, NULL, NULL, '2026-03-21T16:07:40.399Z') ON CONFLICT ("id") DO NOTHING;
INSERT INTO "mission_photos" ("id", "service_order_id", "employee_id", "step", "km_value", "latitude", "longitude", "notes", "created_at") VALUES (25, 12, 2, 'km_chegada', 45380, NULL, NULL, NULL, '2026-03-21T16:07:41.546Z') ON CONFLICT ("id") DO NOTHING;
INSERT INTO "mission_photos" ("id", "service_order_id", "employee_id", "step", "km_value", "latitude", "longitude", "notes", "created_at") VALUES (26, 12, 2, 'escoltado_frente', NULL, NULL, NULL, NULL, '2026-03-21T16:07:42.322Z') ON CONFLICT ("id") DO NOTHING;
INSERT INTO "mission_photos" ("id", "service_order_id", "employee_id", "step", "km_value", "latitude", "longitude", "notes", "created_at") VALUES (27, 12, 2, 'escoltado_traseira', NULL, NULL, NULL, NULL, '2026-03-21T16:07:42.761Z') ON CONFLICT ("id") DO NOTHING;
INSERT INTO "mission_photos" ("id", "service_order_id", "employee_id", "step", "km_value", "latitude", "longitude", "notes", "created_at") VALUES (28, 12, 2, 'km_final', 45520, NULL, NULL, NULL, '2026-03-21T16:08:37.877Z') ON CONFLICT ("id") DO NOTHING;
INSERT INTO "mission_photos" ("id", "service_order_id", "employee_id", "step", "km_value", "latitude", "longitude", "notes", "created_at") VALUES (29, 12, 2, 'viatura_retorno_frente', NULL, NULL, NULL, NULL, '2026-03-21T16:08:38.714Z') ON CONFLICT ("id") DO NOTHING;
INSERT INTO "mission_photos" ("id", "service_order_id", "employee_id", "step", "km_value", "latitude", "longitude", "notes", "created_at") VALUES (30, 12, 2, 'viatura_retorno_lateral_esq', NULL, NULL, NULL, NULL, '2026-03-21T16:08:39.148Z') ON CONFLICT ("id") DO NOTHING;
INSERT INTO "mission_photos" ("id", "service_order_id", "employee_id", "step", "km_value", "latitude", "longitude", "notes", "created_at") VALUES (31, 12, 2, 'viatura_retorno_lateral_dir', NULL, NULL, NULL, NULL, '2026-03-21T16:08:39.633Z') ON CONFLICT ("id") DO NOTHING;
INSERT INTO "mission_photos" ("id", "service_order_id", "employee_id", "step", "km_value", "latitude", "longitude", "notes", "created_at") VALUES (32, 12, 2, 'viatura_retorno_traseira', NULL, NULL, NULL, NULL, '2026-03-21T16:08:40.097Z') ON CONFLICT ("id") DO NOTHING;
INSERT INTO "mission_photos" ("id", "service_order_id", "employee_id", "step", "km_value", "latitude", "longitude", "notes", "created_at") VALUES (33, 13, 2, 'arma_pistola_1', NULL, '-23.46315190867658', '-46.62150495150237', NULL, '2026-03-21T18:19:26.627Z') ON CONFLICT ("id") DO NOTHING;
INSERT INTO "mission_photos" ("id", "service_order_id", "employee_id", "step", "km_value", "latitude", "longitude", "notes", "created_at") VALUES (34, 13, 2, 'arma_pistola_2', NULL, '-23.463158486912995', '-46.62150554852284', NULL, '2026-03-21T18:19:27.506Z') ON CONFLICT ("id") DO NOTHING;
INSERT INTO "mission_photos" ("id", "service_order_id", "employee_id", "step", "km_value", "latitude", "longitude", "notes", "created_at") VALUES (35, 13, 2, 'arma_espingarda', NULL, '-23.46314929611624', '-46.62150261103547', NULL, '2026-03-21T18:19:28.455Z') ON CONFLICT ("id") DO NOTHING;
INSERT INTO "mission_photos" ("id", "service_order_id", "employee_id", "step", "km_value", "latitude", "longitude", "notes", "created_at") VALUES (36, 13, 2, 'viatura_frente', NULL, '-23.46310795166375', '-46.62146606445933', NULL, '2026-03-21T18:21:35.764Z') ON CONFLICT ("id") DO NOTHING;
INSERT INTO "mission_photos" ("id", "service_order_id", "employee_id", "step", "km_value", "latitude", "longitude", "notes", "created_at") VALUES (37, 13, 2, 'viatura_lateral_esq', NULL, '-23.463109369557777', '-46.62144592586754', NULL, '2026-03-21T18:21:37.718Z') ON CONFLICT ("id") DO NOTHING;
INSERT INTO "mission_photos" ("id", "service_order_id", "employee_id", "step", "km_value", "latitude", "longitude", "notes", "created_at") VALUES (38, 13, 2, 'viatura_lateral_dir', NULL, '-23.46309845440008', '-46.621441429783026', NULL, '2026-03-21T18:21:39.578Z') ON CONFLICT ("id") DO NOTHING;
INSERT INTO "mission_photos" ("id", "service_order_id", "employee_id", "step", "km_value", "latitude", "longitude", "notes", "created_at") VALUES (39, 13, 2, 'viatura_traseira', NULL, '-23.463099642282945', '-46.621433831360726', NULL, '2026-03-21T18:21:40.719Z') ON CONFLICT ("id") DO NOTHING;
INSERT INTO "mission_photos" ("id", "service_order_id", "employee_id", "step", "km_value", "latitude", "longitude", "notes", "created_at") VALUES (40, 13, 2, 'km_saida', 146, '-23.463119849295577', '-46.62141589407497', NULL, '2026-03-21T18:22:27.568Z') ON CONFLICT ("id") DO NOTHING;
INSERT INTO "mission_photos" ("id", "service_order_id", "employee_id", "step", "km_value", "latitude", "longitude", "notes", "created_at") VALUES (41, 13, 2, 'km_chegada', 146, '-23.4631057921895', '-46.6214387479484', NULL, '2026-03-21T18:23:04.552Z') ON CONFLICT ("id") DO NOTHING;
INSERT INTO "mission_photos" ("id", "service_order_id", "employee_id", "step", "km_value", "latitude", "longitude", "notes", "created_at") VALUES (42, 13, 2, 'escoltado_frente', NULL, '-23.4631263190834', '-46.62146220860107', NULL, '2026-03-21T18:23:29.514Z') ON CONFLICT ("id") DO NOTHING;
INSERT INTO "mission_photos" ("id", "service_order_id", "employee_id", "step", "km_value", "latitude", "longitude", "notes", "created_at") VALUES (43, 13, 2, 'escoltado_traseira', NULL, '-23.463076175454383', '-46.62149442216463', NULL, '2026-03-21T18:23:30.625Z') ON CONFLICT ("id") DO NOTHING;
INSERT INTO "mission_photos" ("id", "service_order_id", "employee_id", "step", "km_value", "latitude", "longitude", "notes", "created_at") VALUES (44, 13, 2, 'km_final', 149, '-23.46306624386904', '-46.621402651400594', NULL, '2026-03-21T18:53:03.478Z') ON CONFLICT ("id") DO NOTHING;
INSERT INTO "mission_photos" ("id", "service_order_id", "employee_id", "step", "km_value", "latitude", "longitude", "notes", "created_at") VALUES (45, 13, 2, 'viatura_retorno_frente', NULL, '-23.463121925422104', '-46.621392823508096', NULL, '2026-03-21T19:12:05.659Z') ON CONFLICT ("id") DO NOTHING;
INSERT INTO "mission_photos" ("id", "service_order_id", "employee_id", "step", "km_value", "latitude", "longitude", "notes", "created_at") VALUES (46, 13, 2, 'viatura_retorno_lateral_esq', NULL, '-23.463121353301677', '-46.621398088789135', NULL, '2026-03-21T19:12:07.518Z') ON CONFLICT ("id") DO NOTHING;
INSERT INTO "mission_photos" ("id", "service_order_id", "employee_id", "step", "km_value", "latitude", "longitude", "notes", "created_at") VALUES (47, 13, 2, 'viatura_retorno_lateral_dir', NULL, '-23.463121319049836', '-46.62139813394251', NULL, '2026-03-21T19:12:08.622Z') ON CONFLICT ("id") DO NOTHING;
INSERT INTO "mission_photos" ("id", "service_order_id", "employee_id", "step", "km_value", "latitude", "longitude", "notes", "created_at") VALUES (48, 13, 2, 'viatura_retorno_traseira', NULL, '-23.463120982842888', '-46.6213984525535', NULL, '2026-03-21T19:12:09.459Z') ON CONFLICT ("id") DO NOTHING;
INSERT INTO "mission_photos" ("id", "service_order_id", "employee_id", "step", "km_value", "latitude", "longitude", "notes", "created_at") VALUES (49, 15, 10, 'arma_pistola_1', NULL, '-23.6085', '-46.7767', NULL, '2026-03-25T13:34:17.424Z') ON CONFLICT ("id") DO NOTHING;
INSERT INTO "mission_photos" ("id", "service_order_id", "employee_id", "step", "km_value", "latitude", "longitude", "notes", "created_at") VALUES (50, 15, 10, 'arma_pistola_2', NULL, '-23.6085', '-46.7767', NULL, '2026-03-25T13:34:20.414Z') ON CONFLICT ("id") DO NOTHING;
INSERT INTO "mission_photos" ("id", "service_order_id", "employee_id", "step", "km_value", "latitude", "longitude", "notes", "created_at") VALUES (51, 15, 10, 'arma_espingarda', NULL, '-23.6085', '-46.7767', NULL, '2026-03-25T13:34:23.004Z') ON CONFLICT ("id") DO NOTHING;
INSERT INTO "mission_photos" ("id", "service_order_id", "employee_id", "step", "km_value", "latitude", "longitude", "notes", "created_at") VALUES (52, 15, 10, 'viatura_frente', NULL, '-23.6085', '-46.7767', NULL, '2026-03-25T13:34:30.824Z') ON CONFLICT ("id") DO NOTHING;
INSERT INTO "mission_photos" ("id", "service_order_id", "employee_id", "step", "km_value", "latitude", "longitude", "notes", "created_at") VALUES (53, 15, 10, 'viatura_lateral_esq', NULL, '-23.6085', '-46.7767', NULL, '2026-03-25T13:34:35.948Z') ON CONFLICT ("id") DO NOTHING;
INSERT INTO "mission_photos" ("id", "service_order_id", "employee_id", "step", "km_value", "latitude", "longitude", "notes", "created_at") VALUES (54, 15, 10, 'viatura_traseira', NULL, '-23.6085', '-46.7767', NULL, '2026-03-25T13:34:39.595Z') ON CONFLICT ("id") DO NOTHING;
INSERT INTO "mission_photos" ("id", "service_order_id", "employee_id", "step", "km_value", "latitude", "longitude", "notes", "created_at") VALUES (55, 15, 10, 'viatura_lateral_dir', NULL, '-23.6085', '-46.7767', NULL, '2026-03-25T13:34:44.016Z') ON CONFLICT ("id") DO NOTHING;
INSERT INTO "mission_photos" ("id", "service_order_id", "employee_id", "step", "km_value", "latitude", "longitude", "notes", "created_at") VALUES (56, 15, 10, 'km_saida', 123, '-23.6085', '-46.7767', NULL, '2026-03-25T13:34:54.872Z') ON CONFLICT ("id") DO NOTHING;
INSERT INTO "mission_photos" ("id", "service_order_id", "employee_id", "step", "km_value", "latitude", "longitude", "notes", "created_at") VALUES (57, 15, 10, 'km_chegada', 345, '-23.6085', '-46.7767', NULL, '2026-03-25T14:02:11.010Z') ON CONFLICT ("id") DO NOTHING;
INSERT INTO "mission_photos" ("id", "service_order_id", "employee_id", "step", "km_value", "latitude", "longitude", "notes", "created_at") VALUES (82, 17, 14, 'arma_pistola_1', NULL, '-23.497611452266135', '-46.79982948881326', NULL, '2026-03-27T03:42:01.896Z') ON CONFLICT ("id") DO NOTHING;
INSERT INTO "mission_photos" ("id", "service_order_id", "employee_id", "step", "km_value", "latitude", "longitude", "notes", "created_at") VALUES (83, 17, 14, 'arma_pistola_2', NULL, NULL, NULL, NULL, '2026-03-27T03:42:12.835Z') ON CONFLICT ("id") DO NOTHING;
INSERT INTO "mission_photos" ("id", "service_order_id", "employee_id", "step", "km_value", "latitude", "longitude", "notes", "created_at") VALUES (84, 17, 14, 'arma_espingarda', NULL, '-23.497611454217147', '-46.799829484366136', NULL, '2026-03-27T03:42:13.630Z') ON CONFLICT ("id") DO NOTHING;
INSERT INTO "mission_photos" ("id", "service_order_id", "employee_id", "step", "km_value", "latitude", "longitude", "notes", "created_at") VALUES (85, 19, 14, 'arma_pistola_1', NULL, '-23.497611458399316', '-46.79982947482373', NULL, '2026-03-27T04:38:47.326Z') ON CONFLICT ("id") DO NOTHING;
INSERT INTO "mission_photos" ("id", "service_order_id", "employee_id", "step", "km_value", "latitude", "longitude", "notes", "created_at") VALUES (86, 19, 14, 'arma_pistola_2', NULL, '-23.497611458402112', '-46.79982947482057', NULL, '2026-03-27T04:38:53.334Z') ON CONFLICT ("id") DO NOTHING;
INSERT INTO "mission_photos" ("id", "service_order_id", "employee_id", "step", "km_value", "latitude", "longitude", "notes", "created_at") VALUES (87, 19, 14, 'arma_espingarda', NULL, '-23.497611458403515', '-46.79982947481897', NULL, '2026-03-27T04:38:59.258Z') ON CONFLICT ("id") DO NOTHING;
INSERT INTO "mission_photos" ("id", "service_order_id", "employee_id", "step", "km_value", "latitude", "longitude", "notes", "created_at") VALUES (88, 19, 14, 'viatura_frente', NULL, '-23.497611458407096', '-46.79982947481495', NULL, '2026-03-27T04:40:45.134Z') ON CONFLICT ("id") DO NOTHING;
INSERT INTO "mission_photos" ("id", "service_order_id", "employee_id", "step", "km_value", "latitude", "longitude", "notes", "created_at") VALUES (89, 19, 14, 'viatura_lateral_esq', NULL, '-23.49761150342159', '-46.7998294813648', NULL, '2026-03-27T04:40:51.056Z') ON CONFLICT ("id") DO NOTHING;
INSERT INTO "mission_photos" ("id", "service_order_id", "employee_id", "step", "km_value", "latitude", "longitude", "notes", "created_at") VALUES (90, 19, 14, 'viatura_lateral_dir', NULL, '-23.497611486743075', '-46.79982947893767', NULL, '2026-03-27T04:40:57.052Z') ON CONFLICT ("id") DO NOTHING;
INSERT INTO "mission_photos" ("id", "service_order_id", "employee_id", "step", "km_value", "latitude", "longitude", "notes", "created_at") VALUES (91, 19, 14, 'viatura_traseira', NULL, NULL, NULL, NULL, '2026-03-27T04:41:07.851Z') ON CONFLICT ("id") DO NOTHING;
INSERT INTO "mission_photos" ("id", "service_order_id", "employee_id", "step", "km_value", "latitude", "longitude", "notes", "created_at") VALUES (92, 19, 14, 'km_saida', 220, '-23.497611412340486', '-46.799829415885874', NULL, '2026-03-27T04:41:27.719Z') ON CONFLICT ("id") DO NOTHING;
INSERT INTO "mission_photos" ("id", "service_order_id", "employee_id", "step", "km_value", "latitude", "longitude", "notes", "created_at") VALUES (93, 19, 14, 'km_chegada', 230, '-23.497609112393594', '-46.799829949840294', NULL, '2026-03-27T04:42:30.717Z') ON CONFLICT ("id") DO NOTHING;
INSERT INTO "mission_photos" ("id", "service_order_id", "employee_id", "step", "km_value", "latitude", "longitude", "notes", "created_at") VALUES (94, 19, 14, 'agente_equipado', 230, '-23.497608931841956', '-46.79983035303647', NULL, '2026-03-27T04:42:31.626Z') ON CONFLICT ("id") DO NOTHING;
INSERT INTO "mission_photos" ("id", "service_order_id", "employee_id", "step", "km_value", "latitude", "longitude", "notes", "created_at") VALUES (95, 19, 14, 'escoltado_frente', NULL, '-23.49758851893376', '-46.79981959239561', NULL, '2026-03-27T04:48:38.413Z') ON CONFLICT ("id") DO NOTHING;
INSERT INTO "mission_photos" ("id", "service_order_id", "employee_id", "step", "km_value", "latitude", "longitude", "notes", "created_at") VALUES (96, 19, 14, 'escoltado_traseira', NULL, '-23.49759447159831', '-46.799822155178624', NULL, '2026-03-27T04:48:45.222Z') ON CONFLICT ("id") DO NOTHING;
INSERT INTO "mission_photos" ("id", "service_order_id", "employee_id", "step", "km_value", "latitude", "longitude", "notes", "created_at") VALUES (97, 19, 14, 'foto_local_destino', NULL, '-23.497594703454066', '-46.79982388226489', NULL, '2026-03-27T04:54:46.488Z') ON CONFLICT ("id") DO NOTHING;
INSERT INTO "mission_photos" ("id", "service_order_id", "employee_id", "step", "km_value", "latitude", "longitude", "notes", "created_at") VALUES (98, 19, 14, 'km_final', 2535, '-23.49759696040192', '-46.79982463484658', NULL, '2026-03-27T04:54:52.613Z') ON CONFLICT ("id") DO NOTHING;
INSERT INTO "mission_photos" ("id", "service_order_id", "employee_id", "step", "km_value", "latitude", "longitude", "notes", "created_at") VALUES (99, 21, 14, 'arma_pistola_1', NULL, '-23.4821252', '-46.7233155', NULL, '2026-03-30T12:36:40.352Z') ON CONFLICT ("id") DO NOTHING;
INSERT INTO "mission_photos" ("id", "service_order_id", "employee_id", "step", "km_value", "latitude", "longitude", "notes", "created_at") VALUES (100, 21, 14, 'arma_pistola_2', NULL, '-23.4821296', '-46.7233135', NULL, '2026-03-30T12:36:42.959Z') ON CONFLICT ("id") DO NOTHING;
INSERT INTO "mission_photos" ("id", "service_order_id", "employee_id", "step", "km_value", "latitude", "longitude", "notes", "created_at") VALUES (101, 21, 14, 'arma_espingarda', NULL, '-23.4821313', '-46.7233127', NULL, '2026-03-30T12:36:46.315Z') ON CONFLICT ("id") DO NOTHING;
INSERT INTO "mission_photos" ("id", "service_order_id", "employee_id", "step", "km_value", "latitude", "longitude", "notes", "created_at") VALUES (102, 21, 14, 'viatura_frente', NULL, '-23.4820309', '-46.7231377', NULL, '2026-03-30T12:38:50.255Z') ON CONFLICT ("id") DO NOTHING;
INSERT INTO "mission_photos" ("id", "service_order_id", "employee_id", "step", "km_value", "latitude", "longitude", "notes", "created_at") VALUES (103, 21, 14, 'viatura_lateral_esq', NULL, '-23.4820314', '-46.7231368', NULL, '2026-03-30T12:38:51.555Z') ON CONFLICT ("id") DO NOTHING;
INSERT INTO "mission_photos" ("id", "service_order_id", "employee_id", "step", "km_value", "latitude", "longitude", "notes", "created_at") VALUES (104, 21, 14, 'viatura_lateral_dir', NULL, '-23.4820451', '-46.7231248', NULL, '2026-03-30T12:38:52.445Z') ON CONFLICT ("id") DO NOTHING;
INSERT INTO "mission_photos" ("id", "service_order_id", "employee_id", "step", "km_value", "latitude", "longitude", "notes", "created_at") VALUES (105, 21, 14, 'viatura_traseira', NULL, '-23.4820603', '-46.7231038', NULL, '2026-03-30T12:38:53.570Z') ON CONFLICT ("id") DO NOTHING;
INSERT INTO "mission_photos" ("id", "service_order_id", "employee_id", "step", "km_value", "latitude", "longitude", "notes", "created_at") VALUES (106, 21, 14, 'km_saida', 300, '-23.4821256', '-46.7229348', NULL, '2026-03-30T12:39:43.933Z') ON CONFLICT ("id") DO NOTHING;
INSERT INTO "mission_photos" ("id", "service_order_id", "employee_id", "step", "km_value", "latitude", "longitude", "notes", "created_at") VALUES (107, 21, 17, 'km_chegada', 339, '-23.4289711', '-46.4953976', NULL, '2026-03-30T13:38:45.528Z') ON CONFLICT ("id") DO NOTHING;
INSERT INTO "mission_photos" ("id", "service_order_id", "employee_id", "step", "km_value", "latitude", "longitude", "notes", "created_at") VALUES (108, 21, 17, 'agente_equipado', 339, '-23.4289594', '-46.4953564', NULL, '2026-03-30T13:38:46.612Z') ON CONFLICT ("id") DO NOTHING;
INSERT INTO "mission_photos" ("id", "service_order_id", "employee_id", "step", "km_value", "latitude", "longitude", "notes", "created_at") VALUES (109, 21, 18, 'escoltado_frente', NULL, '-23.4288073', '-46.495353', NULL, '2026-03-30T16:04:10.780Z') ON CONFLICT ("id") DO NOTHING;
INSERT INTO "mission_photos" ("id", "service_order_id", "employee_id", "step", "km_value", "latitude", "longitude", "notes", "created_at") VALUES (110, 21, 18, 'escoltado_traseira', NULL, '-23.4287319', '-46.495356', NULL, '2026-03-30T16:04:14.111Z') ON CONFLICT ("id") DO NOTHING;
INSERT INTO "mission_photos" ("id", "service_order_id", "employee_id", "step", "km_value", "latitude", "longitude", "notes", "created_at") VALUES (111, 21, 18, 'foto_local_destino', NULL, '-22.8309333', '-43.24402', NULL, '2026-03-30T22:58:16.604Z') ON CONFLICT ("id") DO NOTHING;
INSERT INTO "mission_photos" ("id", "service_order_id", "employee_id", "step", "km_value", "latitude", "longitude", "notes", "created_at") VALUES (112, 21, 18, 'km_final', 752, '-22.8309267', '-43.2440283', NULL, '2026-03-30T22:58:17.660Z') ON CONFLICT ("id") DO NOTHING;
INSERT INTO "mission_photos" ("id", "service_order_id", "employee_id", "step", "km_value", "latitude", "longitude", "notes", "created_at") VALUES (113, 24, 14, 'arma_pistola_1', NULL, '-23.40942', '-46.968595', NULL, '2026-03-31T10:29:24.031Z') ON CONFLICT ("id") DO NOTHING;
INSERT INTO "mission_photos" ("id", "service_order_id", "employee_id", "step", "km_value", "latitude", "longitude", "notes", "created_at") VALUES (114, 24, 14, 'arma_pistola_2', NULL, '-23.409425', '-46.9685983', NULL, '2026-03-31T10:29:25.730Z') ON CONFLICT ("id") DO NOTHING;
INSERT INTO "mission_photos" ("id", "service_order_id", "employee_id", "step", "km_value", "latitude", "longitude", "notes", "created_at") VALUES (115, 24, 14, 'arma_espingarda', NULL, '-23.40943', '-46.968595', NULL, '2026-03-31T10:29:26.624Z') ON CONFLICT ("id") DO NOTHING;
INSERT INTO "mission_photos" ("id", "service_order_id", "employee_id", "step", "km_value", "latitude", "longitude", "notes", "created_at") VALUES (116, 24, 14, 'viatura_frente', NULL, '-23.4094667', '-46.9686117', NULL, '2026-03-31T10:31:58.586Z') ON CONFLICT ("id") DO NOTHING;
INSERT INTO "mission_photos" ("id", "service_order_id", "employee_id", "step", "km_value", "latitude", "longitude", "notes", "created_at") VALUES (117, 24, 14, 'viatura_lateral_esq', NULL, '-23.4094667', '-46.9686117', NULL, '2026-03-31T10:31:59.447Z') ON CONFLICT ("id") DO NOTHING;
INSERT INTO "mission_photos" ("id", "service_order_id", "employee_id", "step", "km_value", "latitude", "longitude", "notes", "created_at") VALUES (118, 24, 14, 'viatura_lateral_dir', NULL, '-23.4094667', '-46.9686117', NULL, '2026-03-31T10:32:00.546Z') ON CONFLICT ("id") DO NOTHING;
INSERT INTO "mission_photos" ("id", "service_order_id", "employee_id", "step", "km_value", "latitude", "longitude", "notes", "created_at") VALUES (119, 24, 14, 'viatura_traseira', NULL, '-23.4094667', '-46.9686117', NULL, '2026-03-31T10:32:01.564Z') ON CONFLICT ("id") DO NOTHING;
INSERT INTO "mission_photos" ("id", "service_order_id", "employee_id", "step", "km_value", "latitude", "longitude", "notes", "created_at") VALUES (120, 24, 14, 'km_saida', 1250, '-23.40947', '-46.968605', NULL, '2026-03-31T10:33:34.593Z') ON CONFLICT ("id") DO NOTHING;
INSERT INTO "mission_photos" ("id", "service_order_id", "employee_id", "step", "km_value", "latitude", "longitude", "notes", "created_at") VALUES (121, 24, 14, 'km_chegada', 1250, '-23.4094917', '-46.9686133', NULL, '2026-03-31T10:50:06.501Z') ON CONFLICT ("id") DO NOTHING;
INSERT INTO "mission_photos" ("id", "service_order_id", "employee_id", "step", "km_value", "latitude", "longitude", "notes", "created_at") VALUES (122, 24, 14, 'agente_equipado', 1250, '-23.4094883', '-46.968615', NULL, '2026-03-31T10:50:07.588Z') ON CONFLICT ("id") DO NOTHING;
INSERT INTO "mission_photos" ("id", "service_order_id", "employee_id", "step", "km_value", "latitude", "longitude", "notes", "created_at") VALUES (123, 22, 20, 'arma_pistola_1', NULL, '-23.4820561', '-46.7230059', NULL, '2026-03-31T11:19:54.411Z') ON CONFLICT ("id") DO NOTHING;
INSERT INTO "mission_photos" ("id", "service_order_id", "employee_id", "step", "km_value", "latitude", "longitude", "notes", "created_at") VALUES (124, 22, 20, 'arma_pistola_2', NULL, '-23.482056', '-46.7230059', NULL, '2026-03-31T11:19:55.409Z') ON CONFLICT ("id") DO NOTHING;
INSERT INTO "mission_photos" ("id", "service_order_id", "employee_id", "step", "km_value", "latitude", "longitude", "notes", "created_at") VALUES (125, 22, 20, 'arma_espingarda', NULL, '-23.4820561', '-46.7230059', NULL, '2026-03-31T11:19:56.423Z') ON CONFLICT ("id") DO NOTHING;
INSERT INTO "mission_photos" ("id", "service_order_id", "employee_id", "step", "km_value", "latitude", "longitude", "notes", "created_at") VALUES (126, 22, 19, 'viatura_frente', NULL, '-23.4821256', '-46.7233022', NULL, '2026-03-31T11:23:28.904Z') ON CONFLICT ("id") DO NOTHING;
INSERT INTO "mission_photos" ("id", "service_order_id", "employee_id", "step", "km_value", "latitude", "longitude", "notes", "created_at") VALUES (127, 22, 19, 'viatura_lateral_esq', NULL, '-23.4821231', '-46.7232975', NULL, '2026-03-31T11:23:34.837Z') ON CONFLICT ("id") DO NOTHING;
INSERT INTO "mission_photos" ("id", "service_order_id", "employee_id", "step", "km_value", "latitude", "longitude", "notes", "created_at") VALUES (128, 22, 19, 'viatura_lateral_dir', NULL, '-23.4821203', '-46.7232999', NULL, '2026-03-31T11:23:40.846Z') ON CONFLICT ("id") DO NOTHING;
INSERT INTO "mission_photos" ("id", "service_order_id", "employee_id", "step", "km_value", "latitude", "longitude", "notes", "created_at") VALUES (129, 22, 19, 'viatura_traseira', NULL, '-23.4821185', '-46.7233014', NULL, '2026-03-31T11:23:45.790Z') ON CONFLICT ("id") DO NOTHING;
INSERT INTO "mission_photos" ("id", "service_order_id", "employee_id", "step", "km_value", "latitude", "longitude", "notes", "created_at") VALUES (130, 22, 19, 'km_saida', 626, '-23.4821227', '-46.7232632', NULL, '2026-03-31T11:26:32.623Z') ON CONFLICT ("id") DO NOTHING;
INSERT INTO "mission_photos" ("id", "service_order_id", "employee_id", "step", "km_value", "latitude", "longitude", "notes", "created_at") VALUES (131, 22, 20, 'km_chegada', 667, '-23.4095293', '-46.9686085', NULL, '2026-03-31T13:03:00.495Z') ON CONFLICT ("id") DO NOTHING;
INSERT INTO "mission_photos" ("id", "service_order_id", "employee_id", "step", "km_value", "latitude", "longitude", "notes", "created_at") VALUES (132, 22, 20, 'agente_equipado', 667, '-23.4095321', '-46.968608', NULL, '2026-03-31T13:03:01.516Z') ON CONFLICT ("id") DO NOTHING;
INSERT INTO "mission_photos" ("id", "service_order_id", "employee_id", "step", "km_value", "latitude", "longitude", "notes", "created_at") VALUES (133, 24, 14, 'escoltado_frente', NULL, '-23.409195', '-46.9664983', NULL, '2026-03-31T15:50:43.027Z') ON CONFLICT ("id") DO NOTHING;
INSERT INTO "mission_photos" ("id", "service_order_id", "employee_id", "step", "km_value", "latitude", "longitude", "notes", "created_at") VALUES (134, 24, 14, 'escoltado_traseira', NULL, '-23.4092517', '-46.966485', NULL, '2026-03-31T15:50:43.977Z') ON CONFLICT ("id") DO NOTHING;
INSERT INTO "mission_photos" ("id", "service_order_id", "employee_id", "step", "km_value", "latitude", "longitude", "notes", "created_at") VALUES (135, 22, 20, 'escoltado_frente', NULL, '-23.4093172', '-46.968058', NULL, '2026-03-31T17:20:28.382Z') ON CONFLICT ("id") DO NOTHING;
INSERT INTO "mission_photos" ("id", "service_order_id", "employee_id", "step", "km_value", "latitude", "longitude", "notes", "created_at") VALUES (136, 22, 20, 'escoltado_traseira', NULL, '-23.4095617', '-46.9680129', NULL, '2026-03-31T17:20:29.124Z') ON CONFLICT ("id") DO NOTHING;
INSERT INTO "mission_photos" ("id", "service_order_id", "employee_id", "step", "km_value", "latitude", "longitude", "notes", "created_at") VALUES (137, 24, 14, 'foto_local_destino', NULL, '-23.4181043', '-46.3820338', NULL, '2026-03-31T18:23:27.147Z') ON CONFLICT ("id") DO NOTHING;
INSERT INTO "mission_photos" ("id", "service_order_id", "employee_id", "step", "km_value", "latitude", "longitude", "notes", "created_at") VALUES (138, 24, 14, 'km_final', 1400, '-23.4181083', '-46.3822', NULL, '2026-03-31T18:23:28.536Z') ON CONFLICT ("id") DO NOTHING;
INSERT INTO "mission_photos" ("id", "service_order_id", "employee_id", "step", "km_value", "latitude", "longitude", "notes", "created_at") VALUES (139, 22, 20, 'foto_local_destino', NULL, '-23.8515768', '-46.3920965', NULL, '2026-03-31T19:58:41.557Z') ON CONFLICT ("id") DO NOTHING;
INSERT INTO "mission_photos" ("id", "service_order_id", "employee_id", "step", "km_value", "latitude", "longitude", "notes", "created_at") VALUES (140, 22, 20, 'km_final', 797, '-23.8515754', '-46.3920949', NULL, '2026-03-31T19:58:43.196Z') ON CONFLICT ("id") DO NOTHING;

-- -----------------------------------------------
-- LOGIN_SELFIES (11 registros)
-- -----------------------------------------------
INSERT INTO "login_selfies" ("id", "user_id", "employee_id", "user_name", "latitude", "longitude", "ip_address", "user_agent", "created_at") VALUES (1, 14, 16, 'RICARDO TADEU BEZERRA PEREIRA ', '-23.463135128088886', '-46.62143364218652', '179.99.11.220, 34.111.179.208, 35.191.119.98,34.138.174.12', 'Mozilla/5.0 (iPhone; CPU iPhone OS 26_2_1 like Mac OS X) AppleWebKit/605.1.15 (KHTML, like Gecko) CriOS/146.0.7680.151 Mobile/15E148 Safari/604.1', '2026-03-27T00:34:19.500Z') ON CONFLICT ("id") DO NOTHING;
INSERT INTO "login_selfies" ("id", "user_id", "employee_id", "user_name", "latitude", "longitude", "ip_address", "user_agent", "created_at") VALUES (2, 15, 14, 'VITOR DE MACEDO SILVA', '-23.497611496032995', '-46.799830236037955', '191.183.36.56, 34.111.179.208, 35.191.81.26,35.231.191.228', 'Mozilla/5.0 (iPhone; CPU iPhone OS 18_7 like Mac OS X) AppleWebKit/605.1.15 (KHTML, like Gecko) Version/26.3 Mobile/15E148 Safari/604.1', '2026-03-27T00:51:05.602Z') ON CONFLICT ("id") DO NOTHING;
INSERT INTO "login_selfies" ("id", "user_id", "employee_id", "user_name", "latitude", "longitude", "ip_address", "user_agent", "created_at") VALUES (3, 16, 17, 'EDIVANDO MEDEIROS DOS SANTOS', '-23.4820936', '-46.7230605', '187.26.223.165, 34.111.179.208, 35.191.77.212,34.75.27.139', 'Mozilla/5.0 (Linux; Android 10; K) AppleWebKit/537.36 (KHTML, like Gecko) Chrome/146.0.0.0 Mobile Safari/537.36', '2026-03-27T12:36:57.995Z') ON CONFLICT ("id") DO NOTHING;
INSERT INTO "login_selfies" ("id", "user_id", "employee_id", "user_name", "latitude", "longitude", "ip_address", "user_agent", "created_at") VALUES (4, 14, 16, 'RICARDO TADEU BEZERRA PEREIRA ', '-23.9047779', '-46.5166203', '172.225.223.50, 34.111.179.208, 35.191.122.129,104.196.175.96', 'Mozilla/5.0 (iPhone; CPU iPhone OS 18_7 like Mac OS X) AppleWebKit/605.1.15 (KHTML, like Gecko) Version/26.3 Mobile/15E148 Safari/604.1', '2026-03-29T23:03:28.756Z') ON CONFLICT ("id") DO NOTHING;
INSERT INTO "login_selfies" ("id", "user_id", "employee_id", "user_name", "latitude", "longitude", "ip_address", "user_agent", "created_at") VALUES (5, 15, 14, 'VITOR DE MACEDO SILVA', '-23.482086', '-46.723047', '187.90.222.23, 34.111.179.208, 35.191.78.123,35.231.191.228', 'Mozilla/5.0 (Linux; Android 10; K) AppleWebKit/537.36 (KHTML, like Gecko) Chrome/146.0.0.0 Mobile Safari/537.36', '2026-03-30T11:27:42.012Z') ON CONFLICT ("id") DO NOTHING;
INSERT INTO "login_selfies" ("id", "user_id", "employee_id", "user_name", "latitude", "longitude", "ip_address", "user_agent", "created_at") VALUES (6, 16, 17, 'EDIVANDO MEDEIROS DOS SANTOS', '-23.4820856', '-46.7230424', '191.56.148.120, 34.117.33.233, 35.191.77.170,34.139.201.101', 'Mozilla/5.0 (Linux; Android 10; K) AppleWebKit/537.36 (KHTML, like Gecko) Chrome/146.0.0.0 Mobile Safari/537.36', '2026-03-30T11:32:31.507Z') ON CONFLICT ("id") DO NOTHING;
INSERT INTO "login_selfies" ("id", "user_id", "employee_id", "user_name", "latitude", "longitude", "ip_address", "user_agent", "created_at") VALUES (7, 15, 18, 'VITOR DE MACEDO SILVA', '-22.7198283', '-43.6872883', '177.27.10.42, 34.111.179.208, 35.191.77.27,34.75.168.125', 'Mozilla/5.0 (Linux; Android 10; K) AppleWebKit/537.36 (KHTML, like Gecko) Chrome/146.0.0.0 Mobile Safari/537.36', '2026-03-31T00:03:19.734Z') ON CONFLICT ("id") DO NOTHING;
INSERT INTO "login_selfies" ("id", "user_id", "employee_id", "user_name", "latitude", "longitude", "ip_address", "user_agent", "created_at") VALUES (8, 16, 14, 'EDIVANDO MEDEIROS DOS SANTOS', '-22.967065', '-45.434125', '189.92.209.83, 34.117.33.233, 35.191.78.55,104.196.175.96', 'Mozilla/5.0 (Linux; Android 10; K) AppleWebKit/537.36 (KHTML, like Gecko) Chrome/146.0.0.0 Mobile Safari/537.36', '2026-03-31T03:29:46.089Z') ON CONFLICT ("id") DO NOTHING;
INSERT INTO "login_selfies" ("id", "user_id", "employee_id", "user_name", "latitude", "longitude", "ip_address", "user_agent", "created_at") VALUES (9, 15, 18, 'VITOR DE MACEDO SILVA', '-23.4095433', '-46.9685717', '189.98.252.169, 34.111.179.208, 35.191.81.34,34.139.18.212', 'Mozilla/5.0 (Linux; Android 10; K) AppleWebKit/537.36 (KHTML, like Gecko) Chrome/146.0.0.0 Mobile Safari/537.36', '2026-03-31T07:29:13.387Z') ON CONFLICT ("id") DO NOTHING;
INSERT INTO "login_selfies" ("id", "user_id", "employee_id", "user_name", "latitude", "longitude", "ip_address", "user_agent", "created_at") VALUES (10, 17, 19, 'PEDRO DOS SANTOS SANTANA', '-23.4820787', '-46.7230506', '187.26.70.17, 34.111.179.208, 35.191.80.245,34.139.201.101', 'Mozilla/5.0 (Linux; Android 10; K) AppleWebKit/537.36 (KHTML, like Gecko) Chrome/146.0.0.0 Mobile Safari/537.36', '2026-03-31T11:02:10.323Z') ON CONFLICT ("id") DO NOTHING;
INSERT INTO "login_selfies" ("id", "user_id", "employee_id", "user_name", "latitude", "longitude", "ip_address", "user_agent", "created_at") VALUES (11, 18, 20, 'DAVID EDSON GONÇALVES NEVES', '-23.482162', '-46.723018', '177.81.73.166, 34.111.179.208, 35.191.81.83,34.26.8.8', 'Mozilla/5.0 (Linux; Android 10; K) AppleWebKit/537.36 (KHTML, like Gecko) Chrome/146.0.0.0 Mobile Safari/537.36', '2026-03-31T11:02:28.248Z') ON CONFLICT ("id") DO NOTHING;

-- -----------------------------------------------
-- AGENT_LOCATIONS (8 registros)
-- -----------------------------------------------
INSERT INTO "agent_locations" ("id", "user_id", "employee_id", "latitude", "longitude", "accuracy", "speed", "heading", "updated_at") VALUES (1, 12, 2, -23.5527, -46.7932, 11.2441, NULL, NULL, '2026-03-21T20:59:54.909Z') ON CONFLICT ("id") DO NOTHING;
INSERT INTO "agent_locations" ("id", "user_id", "employee_id", "latitude", "longitude", "accuracy", "speed", "heading", "updated_at") VALUES (2, 8, 10, -23.5383, -46.8003, 13.2246, NULL, NULL, '2026-03-31T20:45:33.676Z') ON CONFLICT ("id") DO NOTHING;
INSERT INTO "agent_locations" ("id", "user_id", "employee_id", "latitude", "longitude", "accuracy", "speed", "heading", "updated_at") VALUES (3, 14, 16, -23.9056, -46.5176, 50, 13.5813, 228, '2026-03-29T23:03:42.002Z') ON CONFLICT ("id") DO NOTHING;
INSERT INTO "agent_locations" ("id", "user_id", "employee_id", "latitude", "longitude", "accuracy", "speed", "heading", "updated_at") VALUES (4, 15, 18, -23.482, -46.7231, 13.071, 0.0750257, NULL, '2026-04-01T01:12:59.665Z') ON CONFLICT ("id") DO NOTHING;
INSERT INTO "agent_locations" ("id", "user_id", "employee_id", "latitude", "longitude", "accuracy", "speed", "heading", "updated_at") VALUES (5, 16, 14, -23.4821, -46.7231, 20.095, NULL, NULL, '2026-03-31T21:42:00.661Z') ON CONFLICT ("id") DO NOTHING;
INSERT INTO "agent_locations" ("id", "user_id", "employee_id", "latitude", "longitude", "accuracy", "speed", "heading", "updated_at") VALUES (6, 11, 13, -23.4631, -46.6214, 9.77325, NULL, NULL, '2026-03-31T01:35:48.701Z') ON CONFLICT ("id") DO NOTHING;
INSERT INTO "agent_locations" ("id", "user_id", "employee_id", "latitude", "longitude", "accuracy", "speed", "heading", "updated_at") VALUES (7, 17, 19, -23.4821, -46.723, 3.157, 0.079246, NULL, '2026-03-31T23:25:08.378Z') ON CONFLICT ("id") DO NOTHING;
INSERT INTO "agent_locations" ("id", "user_id", "employee_id", "latitude", "longitude", "accuracy", "speed", "heading", "updated_at") VALUES (8, 18, 20, -23.4821, -46.7231, 3.123, 0.0794225, NULL, '2026-04-01T01:13:50.474Z') ON CONFLICT ("id") DO NOTHING;

-- -----------------------------------------------
-- ESCORT_CONTRACTS (1 registros)
-- -----------------------------------------------
INSERT INTO "escort_contracts" ("id", "client_id", "client_name", "valor_km_carregado", "valor_km_vazio", "franquia_minima_km", "valor_hora_estadia", "valor_diaria", "vrp_base", "adicional_noturno_vrp_pct", "adicional_noturno_km_pct", "adicional_periculosidade_pct", "periculosidade_horas_limite", "status", "created_at", "valor_acionamento", "franquia_horas", "franquia_km", "valor_hora_extra", "valor_km_extra", "valor_cancelamento", "custo_deslocamento_100km", "name") VALUES ('05b9376f-17d6-488a-9f5f-c207b09255d3', 6, 'TM SEGURANCA CONSULTORIA & TECNOLOGIA INTEGRADA LTDA', '0.00', '0.00', 0, '0.00', '0.00', '0.00', '0.00', '0.00', '0.00', 0, 'Ativo', '2026-03-27T21:07:43.925Z', '480.00', '3.0', 100, '110.00', '4.80', '300.00', '0.00', '100KM - SUDESTE') ON CONFLICT ("id") DO NOTHING;
-- escort_routes: vazia

-- -----------------------------------------------
-- ESCORT_BILLINGS (3 registros)
-- -----------------------------------------------
INSERT INTO "escort_billings" ("id", "service_order_id", "client_id", "client_name", "contract_id", "km_inicial", "km_final", "km_carregado", "km_vazio", "km_total", "km_faturado", "horas_missao", "horas_estadia", "teve_pernoite", "horario_inicio", "horario_fim", "is_noturno", "despesas_pedagio", "despesas_combustivel", "despesas_outras", "foto_hodometro_inicio", "foto_hodometro_fim", "fat_km", "fat_estadia", "fat_pernoite", "fat_adicional_noturno", "fat_total", "pag_vrp", "pag_periculosidade", "pag_adicional_noturno", "pag_reembolsos", "pag_total", "status", "vigilante_id", "vigilante_name", "notas", "created_at", "created_by", "route_id", "boletim_numero", "boletim_gerado", "data_missao", "origem", "destino", "placa_viatura", "placa_escoltado", "motorista_escoltado", "observacoes", "horario_agendado", "horario_inicio_considerado", "horas_trabalhadas", "km_franquia", "km_excedente", "valor_franquia", "valor_km_extra", "fat_km_carregado", "fat_km_vazio", "fat_diaria", "resultado_bruto", "resultado_liquido", "margem_percentual", "desp_pedagio", "desp_combustivel", "desp_outras", "desp_total", "revisado_por", "revisado_em", "motivo_rejeicao", "vigilante2_id", "vigilante2_name", "fat_acionamento", "fat_hora_extra", "approved_at", "approved_by", "edit_reason", "snapshot_data") VALUES ('68facba3-f8cf-4c78-9043-dd4af22777e2', 24, 6, 'TM SEGURANCA CONSULTORIA & TECNOLOGIA INTEGRADA LTDA', '05b9376f-17d6-488a-9f5f-c207b09255d3', '1250.0', '1250.0', '0.0', '0.0', '0.0', '100.0', '8.00', '0.00', FALSE, '07:00:00', '15:00:00', FALSE, '0.00', '0.00', '0.00', NULL, NULL, '0.00', '0.00', '0.00', '0.00', '1030.00', '0.00', '0.00', '0.00', '0.00', '0.00', 'A_VERIFICAR', 18, 'VITOR DE MACEDO FRANÇA', NULL, '2026-03-31T18:00:11.573Z', 'CRON', NULL, NULL, FALSE, '2026-03-31T10:00:00.000Z', 'Pirapora do Bom Jesus - Parque das Avencas, Pirapora do Bom Jesus - SP, Brasil', 'Guarulhos, SP, Brasil', 'UER7D08', NULL, NULL, NULL, '07:00:00', '07:00:00', '8.00', '100.0', '0.0', '480.00', '0.00', '0.00', '0.00', '0.00', '1030.00', '1030.00', '100.00', '0.00', '0.00', '0.00', '0.00', NULL, NULL, NULL, 14, 'EDIVANDO MEDEIROS DOS SANTOS', '480', '550', NULL, NULL, NULL, NULL) ON CONFLICT ("id") DO NOTHING;
INSERT INTO "escort_billings" ("id", "service_order_id", "client_id", "client_name", "contract_id", "km_inicial", "km_final", "km_carregado", "km_vazio", "km_total", "km_faturado", "horas_missao", "horas_estadia", "teve_pernoite", "horario_inicio", "horario_fim", "is_noturno", "despesas_pedagio", "despesas_combustivel", "despesas_outras", "foto_hodometro_inicio", "foto_hodometro_fim", "fat_km", "fat_estadia", "fat_pernoite", "fat_adicional_noturno", "fat_total", "pag_vrp", "pag_periculosidade", "pag_adicional_noturno", "pag_reembolsos", "pag_total", "status", "vigilante_id", "vigilante_name", "notas", "created_at", "created_by", "route_id", "boletim_numero", "boletim_gerado", "data_missao", "origem", "destino", "placa_viatura", "placa_escoltado", "motorista_escoltado", "observacoes", "horario_agendado", "horario_inicio_considerado", "horas_trabalhadas", "km_franquia", "km_excedente", "valor_franquia", "valor_km_extra", "fat_km_carregado", "fat_km_vazio", "fat_diaria", "resultado_bruto", "resultado_liquido", "margem_percentual", "desp_pedagio", "desp_combustivel", "desp_outras", "desp_total", "revisado_por", "revisado_em", "motivo_rejeicao", "vigilante2_id", "vigilante2_name", "fat_acionamento", "fat_hora_extra", "approved_at", "approved_by", "edit_reason", "snapshot_data") VALUES ('bb2a11af-0dd3-43dc-b36c-0c188b7a68df', 21, 6, 'TM SEGURANCA CONSULTORIA & TECNOLOGIA INTEGRADA LTDA', '05b9376f-17d6-488a-9f5f-c207b09255d3', '339.0', '752.0', '413.0', '0.0', '413.0', '413.0', '8.07', '0.00', FALSE, '11:00:00', '20:04:00', FALSE, '139.00', '0.00', '0.00', NULL, NULL, '1502.40', '0.00', '0.00', '0.00', '2540.10', '0.00', '0.00', '0.00', '0.00', '0.00', 'APROVADA', 18, 'VITOR DE MACEDO FRANÇA', NULL, '2026-03-31T00:59:32.749Z', 'Thiago Moreira dos Santos', NULL, 'BO-20260330-QDH0', TRUE, '2026-03-30T15:00:00.000Z', 'Rua Jamil João Zarif, 684 - Jardim Santa Vicencia, Guarulhos - SP, 07143-000, Brasil', 'Rio de Janeiro, RJ, Brasil', 'UER7D08', 'REJ2F30', 'DANIEL FERREIRA', '', '12:00:00', '12:00:00', '8.07', '100.0', '313.0', '480.00', '1502.40', '1502.40', '0.00', '0.00', '2540.10', '2401.10', '100.00', '0.00', '0.00', '0.00', '0.00', 'Thiago Moreira dos Santos', '2026-03-31T01:00:01.379Z', NULL, 14, 'EDIVANDO MEDEIROS DOS SANTOS', '480', '557.7', NULL, NULL, NULL, NULL) ON CONFLICT ("id") DO NOTHING;
INSERT INTO "escort_billings" ("id", "service_order_id", "client_id", "client_name", "contract_id", "km_inicial", "km_final", "km_carregado", "km_vazio", "km_total", "km_faturado", "horas_missao", "horas_estadia", "teve_pernoite", "horario_inicio", "horario_fim", "is_noturno", "despesas_pedagio", "despesas_combustivel", "despesas_outras", "foto_hodometro_inicio", "foto_hodometro_fim", "fat_km", "fat_estadia", "fat_pernoite", "fat_adicional_noturno", "fat_total", "pag_vrp", "pag_periculosidade", "pag_adicional_noturno", "pag_reembolsos", "pag_total", "status", "vigilante_id", "vigilante_name", "notas", "created_at", "created_by", "route_id", "boletim_numero", "boletim_gerado", "data_missao", "origem", "destino", "placa_viatura", "placa_escoltado", "motorista_escoltado", "observacoes", "horario_agendado", "horario_inicio_considerado", "horas_trabalhadas", "km_franquia", "km_excedente", "valor_franquia", "valor_km_extra", "fat_km_carregado", "fat_km_vazio", "fat_diaria", "resultado_bruto", "resultado_liquido", "margem_percentual", "desp_pedagio", "desp_combustivel", "desp_outras", "desp_total", "revisado_por", "revisado_em", "motivo_rejeicao", "vigilante2_id", "vigilante2_name", "fat_acionamento", "fat_hora_extra", "approved_at", "approved_by", "edit_reason", "snapshot_data") VALUES ('e62fad2a-f706-45cc-99c2-c4d81c4ccb11', 22, 6, 'TM SEGURANCA CONSULTORIA & TECNOLOGIA INTEGRADA LTDA', '05b9376f-17d6-488a-9f5f-c207b09255d3', '626.0', '797.0', '171.0', '0.0', '171.0', '171.0', '10.00', '0.00', FALSE, '09:00:00', '19:00:00', FALSE, '0.00', '0.00', '0.00', NULL, NULL, '340.80', '0.00', '0.00', '0.00', '1590.80', '0.00', '0.00', '0.00', '0.00', '0.00', 'A_VERIFICAR', 20, 'DAVID EDSON GONÇALVES NEVES', NULL, '2026-03-31T22:00:12.666Z', 'CRON', NULL, NULL, FALSE, '2026-03-31T12:00:00.000Z', 'Mineração Taboca - Unidade de Pirapora / Estr. dos Romeiros, 49 - Jardim Bom Jesus, Pirapora do Bom Jesus - SP, 06550-000', 'Praça Yara Santini, 1223 - Vicente de Carvalho, Guarujá - SP, Brasil', 'UEB7H08', NULL, NULL, NULL, '09:00:00', '09:00:00', '10.00', '100.0', '71.0', '480.00', '340.80', '0.00', '0.00', '0.00', '1590.80', '1590.80', '100.00', '0.00', '0.00', '0.00', '0.00', NULL, NULL, NULL, 19, 'PEDRO DOS SANTOS SANTANA', '480', '770', NULL, NULL, NULL, NULL) ON CONFLICT ("id") DO NOTHING;
-- financial_accounts: vazia

-- -----------------------------------------------
-- FINANCIAL_CATEGORIES (19 registros)
-- -----------------------------------------------
INSERT INTO "financial_categories" ("id", "name", "type", "is_deduction", "group", "recurrence_type", "tag", "scope") VALUES ('006cc893-c782-4bc0-b0e1-f1f936575ea9', 'Folha de Pagamento', 'EXPENSE', FALSE, 'DESPESAS_FIXAS', 'FIXA', 'OPERACIONAL', 'EMPRESA') ON CONFLICT ("id") DO NOTHING;
INSERT INTO "financial_categories" ("id", "name", "type", "is_deduction", "group", "recurrence_type", "tag", "scope") VALUES ('1f248ddc-fe58-413b-97cd-f84754fea157', 'Energia Elétrica', 'EXPENSE', FALSE, 'DESPESAS_FIXAS', 'FIXA', 'OPERACIONAL', 'EMPRESA') ON CONFLICT ("id") DO NOTHING;
INSERT INTO "financial_categories" ("id", "name", "type", "is_deduction", "group", "recurrence_type", "tag", "scope") VALUES ('385fd6ea-8933-4839-8982-a13959a16c7f', 'Aluguel', 'EXPENSE', FALSE, 'DESPESAS_FIXAS', 'FIXA', 'OPERACIONAL', 'EMPRESA') ON CONFLICT ("id") DO NOTHING;
INSERT INTO "financial_categories" ("id", "name", "type", "is_deduction", "group", "recurrence_type", "tag", "scope") VALUES ('58396c1a-141b-4446-b739-cf2c298d4720', 'Receita de Vigilância', 'INCOME', FALSE, 'RECEITA_BRUTA', 'VARIAVEL', 'OPERACIONAL', 'EMPRESA') ON CONFLICT ("id") DO NOTHING;
INSERT INTO "financial_categories" ("id", "name", "type", "is_deduction", "group", "recurrence_type", "tag", "scope") VALUES ('5952f23d-c2fc-48c8-a828-31fcc566f7a1', 'Combustível', 'EXPENSE', FALSE, 'CUSTOS_VARIAVEIS', 'VARIAVEL', 'OPERACIONAL', 'EMPRESA') ON CONFLICT ("id") DO NOTHING;
INSERT INTO "financial_categories" ("id", "name", "type", "is_deduction", "group", "recurrence_type", "tag", "scope") VALUES ('79f425b5-34ec-49b9-858e-0569f2a18453', 'Receita Diversa', 'INCOME', FALSE, 'RECEITA_BRUTA', 'EVENTUAL', 'OUTROS', 'EMPRESA') ON CONFLICT ("id") DO NOTHING;
INSERT INTO "financial_categories" ("id", "name", "type", "is_deduction", "group", "recurrence_type", "tag", "scope") VALUES ('7fbdacc3-5cd0-4eef-97fb-33f1880cdc59', 'PIS/COFINS', 'EXPENSE', TRUE, 'DEDUCOES', 'VARIAVEL', 'IMPOSTO', 'EMPRESA') ON CONFLICT ("id") DO NOTHING;
INSERT INTO "financial_categories" ("id", "name", "type", "is_deduction", "group", "recurrence_type", "tag", "scope") VALUES ('a03fcd13-787c-4b64-819a-4cfe38a217b0', 'PEDÁGIO', 'EXPENSE', FALSE, 'CUSTOS_VARIAVEIS', 'VARIAVEL', 'OPERACIONAL', 'EMPRESA') ON CONFLICT ("id") DO NOTHING;
INSERT INTO "financial_categories" ("id", "name", "type", "is_deduction", "group", "recurrence_type", "tag", "scope") VALUES ('a24b6ba2-7062-4e90-a08d-60592bf2ea2b', 'Material de Escritório', 'EXPENSE', FALSE, 'CUSTOS_VARIAVEIS', 'EVENTUAL', 'OPERACIONAL', 'EMPRESA') ON CONFLICT ("id") DO NOTHING;
INSERT INTO "financial_categories" ("id", "name", "type", "is_deduction", "group", "recurrence_type", "tag", "scope") VALUES ('a6ca1fd4-fd90-4e95-a6b2-cb60767ec32a', 'Telefone/Internet', 'EXPENSE', FALSE, 'DESPESAS_FIXAS', 'FIXA', 'OPERACIONAL', 'EMPRESA') ON CONFLICT ("id") DO NOTHING;
INSERT INTO "financial_categories" ("id", "name", "type", "is_deduction", "group", "recurrence_type", "tag", "scope") VALUES ('c012bf67-c6da-4476-93c1-45bc5a292af6', 'Vale Refeição', 'EXPENSE', FALSE, 'CUSTOS_VARIAVEIS', 'VARIAVEL', 'OPERACIONAL', 'EMPRESA') ON CONFLICT ("id") DO NOTHING;
INSERT INTO "financial_categories" ("id", "name", "type", "is_deduction", "group", "recurrence_type", "tag", "scope") VALUES ('c134d999-2275-4c29-aa11-43c579664916', 'ISSQN', 'EXPENSE', TRUE, 'DEDUCOES', 'VARIAVEL', 'IMPOSTO', 'EMPRESA') ON CONFLICT ("id") DO NOTHING;
INSERT INTO "financial_categories" ("id", "name", "type", "is_deduction", "group", "recurrence_type", "tag", "scope") VALUES ('ca6ed370-d458-4faa-8e2a-79b682a2cf58', 'IRPJ', 'EXPENSE', TRUE, 'DEDUCOES', 'VARIAVEL', 'IMPOSTO', 'EMPRESA') ON CONFLICT ("id") DO NOTHING;
INSERT INTO "financial_categories" ("id", "name", "type", "is_deduction", "group", "recurrence_type", "tag", "scope") VALUES ('d9c1455b-a704-424b-898a-c9a1665507ff', 'Investimento Equipamento', 'EXPENSE', FALSE, 'INVESTIMENTOS', 'EVENTUAL', 'INVESTIMENTO', 'EMPRESA') ON CONFLICT ("id") DO NOTHING;
INSERT INTO "financial_categories" ("id", "name", "type", "is_deduction", "group", "recurrence_type", "tag", "scope") VALUES ('dd95de24-e8c3-440d-94a5-6f9b84ebb575', 'Munição', 'EXPENSE', FALSE, 'CUSTOS_VARIAVEIS', 'VARIAVEL', 'OPERACIONAL', 'EMPRESA') ON CONFLICT ("id") DO NOTHING;
INSERT INTO "financial_categories" ("id", "name", "type", "is_deduction", "group", "recurrence_type", "tag", "scope") VALUES ('eba6103e-3b53-4017-aa1f-8387cd1b7c50', 'Uniforme/EPI', 'EXPENSE', FALSE, 'CUSTOS_VARIAVEIS', 'EVENTUAL', 'OPERACIONAL', 'EMPRESA') ON CONFLICT ("id") DO NOTHING;
INSERT INTO "financial_categories" ("id", "name", "type", "is_deduction", "group", "recurrence_type", "tag", "scope") VALUES ('f0cbe871-2ff2-488d-a33c-414711fe37e1', 'Seguro', 'EXPENSE', FALSE, 'DESPESAS_FIXAS', 'FIXA', 'OPERACIONAL', 'EMPRESA') ON CONFLICT ("id") DO NOTHING;
INSERT INTO "financial_categories" ("id", "name", "type", "is_deduction", "group", "recurrence_type", "tag", "scope") VALUES ('f7ddc785-9db1-4938-b708-5c590f0eec36', 'Receita de Escolta', 'INCOME', FALSE, 'RECEITA_BRUTA', 'VARIAVEL', 'OPERACIONAL', 'EMPRESA') ON CONFLICT ("id") DO NOTHING;
INSERT INTO "financial_categories" ("id", "name", "type", "is_deduction", "group", "recurrence_type", "tag", "scope") VALUES ('fc64bbcb-b8a1-4d24-954d-d7278f09a0de', 'Manutenção Veicular', 'EXPENSE', FALSE, 'CUSTOS_VARIAVEIS', 'VARIAVEL', 'OPERACIONAL', 'EMPRESA') ON CONFLICT ("id") DO NOTHING;

-- -----------------------------------------------
-- FINANCIAL_TRANSACTIONS (11 registros)
-- -----------------------------------------------
INSERT INTO "financial_transactions" ("id", "description", "amount", "type", "status", "due_date", "payment_date", "category_id", "category_name", "account_id", "account_name", "entity_type", "entity_id", "entity_name", "notes", "status_conciliacao", "installment_group", "installment_number", "installment_total", "created_at", "created_by", "updated_by", "origin_type", "origin_id") VALUES ('0e6d625d-f3c6-4bd6-9dbd-335a2d38361a', 'ABASTECIMENTO UEB7H08 - AGENTE: DAVID EDSON GONÇALVES NEVES - GASOLINA 42.65L', '200.03', 'EXPENSE', 'PAID', '2026-03-31T00:00:00.000Z', NULL, NULL, 'Combustível', NULL, NULL, NULL, NULL, 'UEB7H08 | DAVID EDSON GONÇALVES NEVES | Shell ', NULL, NULL, NULL, NULL, NULL, '2026-03-31T12:22:01.344Z', 'SISTEMA', NULL, 'fueling', '3') ON CONFLICT ("id") DO NOTHING;
INSERT INTO "financial_transactions" ("id", "description", "amount", "type", "status", "due_date", "payment_date", "category_id", "category_name", "account_id", "account_name", "entity_type", "entity_id", "entity_name", "notes", "status_conciliacao", "installment_group", "installment_number", "installment_total", "created_at", "created_by", "updated_by", "origin_type", "origin_id") VALUES ('19b35d56-923f-4b9a-a277-f580447281ff', 'pedagio ', '139.60', 'EXPENSE', 'PAID', '2026-03-30T00:00:00.000Z', '2026-03-30T00:00:00.000Z', 'a03fcd13-787c-4b64-819a-4cfe38a217b0', 'PEDÁGIO', NULL, NULL, NULL, NULL, 'PEDÁGIO', 'PAGAMENTO DE PEDAGIO ESCOLTA - GUARULHOS x RIO DE JANEIRO ', NULL, NULL, NULL, NULL, '2026-03-30T15:01:58.505Z', 'Mickael Soria', 'Thiago Moreira dos Santos', 'manual', NULL) ON CONFLICT ("id") DO NOTHING;
INSERT INTO "financial_transactions" ("id", "description", "amount", "type", "status", "due_date", "payment_date", "category_id", "category_name", "account_id", "account_name", "entity_type", "entity_id", "entity_name", "notes", "status_conciliacao", "installment_group", "installment_number", "installment_total", "created_at", "created_by", "updated_by", "origin_type", "origin_id") VALUES ('36d140a8-bd32-43da-a9ce-93f7808567eb', 'ABASTECIMENTO UER7D08 - AGENTE: EDIVANDO MEDEIROS DOS SANTOS - ETANOL 43.40L', '194.87', 'EXPENSE', 'PAID', '2026-03-27T00:00:00.000Z', NULL, NULL, 'Combustível', NULL, NULL, NULL, NULL, 'UER7D08 | EDIVANDO MEDEIROS DOS SANTOS | Rede papa pizza hut', NULL, NULL, NULL, NULL, NULL, '2026-03-30T20:44:06.195Z', 'SISTEMA', NULL, 'fueling', '1') ON CONFLICT ("id") DO NOTHING;
INSERT INTO "financial_transactions" ("id", "description", "amount", "type", "status", "due_date", "payment_date", "category_id", "category_name", "account_id", "account_name", "entity_type", "entity_id", "entity_name", "notes", "status_conciliacao", "installment_group", "installment_number", "installment_total", "created_at", "created_by", "updated_by", "origin_type", "origin_id") VALUES ('690d5c8f-ac08-4009-b454-79c3b3f7202a', 'VR. AG VITOR MACEDO', '215.00', 'EXPENSE', 'PAID', '2026-03-30T00:00:00.000Z', '2026-03-30T00:00:00.000Z', 'c012bf67-c6da-4476-93c1-45bc5a292af6', 'Vale Refeição', NULL, NULL, NULL, NULL, 'VITOR Macedo', 'REFERENTE A 05 DIAS DE VR PARA ALIMENTAÇÃO PIX: 43838627806 COLOCAR NA DESCRIÇÃO REFERENTE VR', NULL, NULL, NULL, NULL, '2026-03-30T21:27:05.670Z', 'Mickael Soria', 'Thiago Moreira dos Santos', 'manual', NULL) ON CONFLICT ("id") DO NOTHING;
INSERT INTO "financial_transactions" ("id", "description", "amount", "type", "status", "due_date", "payment_date", "category_id", "category_name", "account_id", "account_name", "entity_type", "entity_id", "entity_name", "notes", "status_conciliacao", "installment_group", "installment_number", "installment_total", "created_at", "created_by", "updated_by", "origin_type", "origin_id") VALUES ('6e21b9d4-c38d-401a-ab98-3339ddfe3c92', 'VR AG EDIVANDO MEDEIRO', '215.00', 'EXPENSE', 'PAID', '2026-03-30T00:00:00.000Z', '2026-03-30T00:00:00.000Z', 'c012bf67-c6da-4476-93c1-45bc5a292af6', 'Vale Refeição', NULL, NULL, NULL, NULL, 'EDIVANDO MEDEIROS ', 'REFERENTE A 05 DIAS DE VR ANTECIPADO - PIX: 11932844685 DESCRIMINAR NA TRANSAÇÃO ANTECIPAÇÃO DE VR', NULL, NULL, NULL, NULL, '2026-03-30T21:30:51.407Z', 'Mickael Soria', 'Thiago Moreira dos Santos', 'manual', NULL) ON CONFLICT ("id") DO NOTHING;
INSERT INTO "financial_transactions" ("id", "description", "amount", "type", "status", "due_date", "payment_date", "category_id", "category_name", "account_id", "account_name", "entity_type", "entity_id", "entity_name", "notes", "status_conciliacao", "installment_group", "installment_number", "installment_total", "created_at", "created_by", "updated_by", "origin_type", "origin_id") VALUES ('74664732-7ab8-43ae-ad6f-b6ab87111746', 'RECEITA OS TOR-0004 - TM SEGURANCA CONSULTORIA & TECNOLOGIA INTEGRADA LTDA UEB7H08', '1590.80', 'INCOME', 'PENDING', '2026-03-31T00:00:00.000Z', NULL, NULL, 'Receita de Escolta', NULL, NULL, NULL, NULL, 'TM SEGURANCA CONSULTORIA & TECNOLOGIA INTEGRADA LTDA', NULL, NULL, NULL, NULL, NULL, '2026-03-31T22:02:05.879Z', 'Mickael Soria', NULL, 'service_order', '22') ON CONFLICT ("id") DO NOTHING;
INSERT INTO "financial_transactions" ("id", "description", "amount", "type", "status", "due_date", "payment_date", "category_id", "category_name", "account_id", "account_name", "entity_type", "entity_id", "entity_name", "notes", "status_conciliacao", "installment_group", "installment_number", "installment_total", "created_at", "created_by", "updated_by", "origin_type", "origin_id") VALUES ('7a485cf5-7a23-4ce8-bb17-de7364979e06', 'ESCOLTA BO-20260330-QDH0 - TM SEGURANCA CONSULTORIA & TECNOLOGIA INTEGRADA LTDA (Rua Jamil João Zarif, 684 - Jardim Santa Vicencia, Guarulhos - SP, 07143-000, Brasil → Rio de Janeiro, RJ, Brasil)', '2540.10', 'INCOME', 'PENDING', '2026-03-30T00:00:00.000Z', NULL, NULL, 'Faturamento Escolta', NULL, NULL, NULL, NULL, 'TM SEGURANCA CONSULTORIA & TECNOLOGIA INTEGRADA LTDA', NULL, NULL, NULL, NULL, NULL, '2026-03-31T01:00:01.551Z', 'Thiago Moreira dos Santos', NULL, 'escort_billing', 'bb2a11af-0dd3-43dc-b36c-0c188b7a68df') ON CONFLICT ("id") DO NOTHING;
INSERT INTO "financial_transactions" ("id", "description", "amount", "type", "status", "due_date", "payment_date", "category_id", "category_name", "account_id", "account_name", "entity_type", "entity_id", "entity_name", "notes", "status_conciliacao", "installment_group", "installment_number", "installment_total", "created_at", "created_by", "updated_by", "origin_type", "origin_id") VALUES ('b1947c48-2f2c-4854-8549-54556164fc27', 'ABASTECIMENTO UER7D08 - AGENTE: VITOR DE MACEDO FRANÇA - GASOLINA 21.51L', '100.00', 'EXPENSE', 'PAID', '2026-03-31T00:00:00.000Z', NULL, NULL, 'Combustível', NULL, NULL, NULL, NULL, 'UER7D08 | VITOR DE MACEDO FRANÇA | Auto posto payol shell', NULL, NULL, NULL, NULL, NULL, '2026-03-31T20:40:27.444Z', 'SISTEMA', NULL, 'fueling', '4') ON CONFLICT ("id") DO NOTHING;
INSERT INTO "financial_transactions" ("id", "description", "amount", "type", "status", "due_date", "payment_date", "category_id", "category_name", "account_id", "account_name", "entity_type", "entity_id", "entity_name", "notes", "status_conciliacao", "installment_group", "installment_number", "installment_total", "created_at", "created_by", "updated_by", "origin_type", "origin_id") VALUES ('dc384902-2731-4537-abce-38b87ce26f8f', 'RECEITA OS TOR-0003 - TM SEGURANCA CONSULTORIA & TECNOLOGIA INTEGRADA LTDA UER7D08', '2774.60', 'INCOME', 'PENDING', '2026-03-30T00:00:00.000Z', NULL, NULL, 'Receita de Escolta', NULL, NULL, NULL, NULL, 'TM SEGURANCA CONSULTORIA & TECNOLOGIA INTEGRADA LTDA', NULL, NULL, NULL, NULL, NULL, '2026-03-30T23:52:34.151Z', 'Thiago Moreira dos Santos', NULL, 'service_order', '21') ON CONFLICT ("id") DO NOTHING;
INSERT INTO "financial_transactions" ("id", "description", "amount", "type", "status", "due_date", "payment_date", "category_id", "category_name", "account_id", "account_name", "entity_type", "entity_id", "entity_name", "notes", "status_conciliacao", "installment_group", "installment_number", "installment_total", "created_at", "created_by", "updated_by", "origin_type", "origin_id") VALUES ('f885da0f-bf3c-4ba4-92f8-94cbe6096ca9', 'ABASTECIMENTO UER7D08 - AGENTE: VITOR DE MACEDO FRANÇA - ETANOL 40.40L', '201.60', 'EXPENSE', 'PAID', '2026-03-30T00:00:00.000Z', '2026-03-30T00:00:00.000Z', NULL, 'Combustível', NULL, NULL, NULL, NULL, 'UER7D08 | VITOR DE MACEDO FRANÇA | Auto posto novo pedagio', NULL, NULL, NULL, NULL, NULL, '2026-03-31T00:26:23.283Z', 'SISTEMA', 'Thiago Moreira dos Santos', 'fueling', '2') ON CONFLICT ("id") DO NOTHING;
INSERT INTO "financial_transactions" ("id", "description", "amount", "type", "status", "due_date", "payment_date", "category_id", "category_name", "account_id", "account_name", "entity_type", "entity_id", "entity_name", "notes", "status_conciliacao", "installment_group", "installment_number", "installment_total", "created_at", "created_by", "updated_by", "origin_type", "origin_id") VALUES ('fb51d1ad-2f0c-4774-8592-646b81e352d2', 'RECEITA OS TOR-0006 - TM SEGURANCA CONSULTORIA & TECNOLOGIA INTEGRADA LTDA UER7D08', '1030.00', 'INCOME', 'PENDING', '2026-03-31T00:00:00.000Z', NULL, NULL, 'Receita de Escolta', NULL, NULL, NULL, NULL, 'TM SEGURANCA CONSULTORIA & TECNOLOGIA INTEGRADA LTDA', NULL, NULL, NULL, NULL, NULL, '2026-03-31T18:26:06.105Z', 'Mickael Soria', NULL, 'service_order', '24') ON CONFLICT ("id") DO NOTHING;

-- -----------------------------------------------
-- SERVICE_CONTRACTS (3 registros)
-- -----------------------------------------------
INSERT INTO "service_contracts" ("id", "client_id", "client_name", "contract_number", "object", "contratante_razao", "contratante_cnpj", "contratante_endereco", "contratante_representante", "vigencia_tipo", "vigencia_inicio", "vigencia_fim", "aviso_previo_dias", "data_assinatura", "status", "num_vigilantes", "armamento_descricao", "equipamentos", "multa_mora_pct", "juros_mora_pct", "indice_correcao", "observacoes", "arquivo_url", "created_at", "updated_at", "created_by", "contratante_email", "contratante_telefone", "testemunha1_nome", "testemunha1_rg", "testemunha1_cpf", "testemunha1_telefone", "testemunha2_nome", "testemunha2_rg", "testemunha2_cpf", "testemunha2_telefone", "reajuste_periodicidade", "reajuste_indice", "reajuste_observacoes", "renovacao_automatica") VALUES ('097791e8-8877-4390-ab00-4ffde656737f', 2, 'TORRES VIGILANCIA PATRIMONIAL LTDA', NULL, 'Prestação de Serviços de Escolta Armada', 'TORRES VIGILANCIA PATRIMONIAL LTDA', NULL, NULL, NULL, 'determinado', '2026-03-24T00:00:00.000Z', NULL, 30, '2026-03-24T00:00:00.000Z', 'Ativo', 2, '01 Revolver Cal. 38 + 01 Espingarda Cal. 12 Pump', '02 Coletes nível II-A, Rádio, Viatura identificada com rastreamento', '2.00', '1.00', 'INPC', NULL, NULL, '2026-03-24T19:16:39.796Z', '2026-03-24T19:16:39.796Z', 'Thiago Moreira dos Santos', NULL, NULL, NULL, NULL, NULL, NULL, NULL, NULL, NULL, NULL, 'anual', 'INPC', NULL, TRUE) ON CONFLICT ("id") DO NOTHING;
INSERT INTO "service_contracts" ("id", "client_id", "client_name", "contract_number", "object", "contratante_razao", "contratante_cnpj", "contratante_endereco", "contratante_representante", "vigencia_tipo", "vigencia_inicio", "vigencia_fim", "aviso_previo_dias", "data_assinatura", "status", "num_vigilantes", "armamento_descricao", "equipamentos", "multa_mora_pct", "juros_mora_pct", "indice_correcao", "observacoes", "arquivo_url", "created_at", "updated_at", "created_by", "contratante_email", "contratante_telefone", "testemunha1_nome", "testemunha1_rg", "testemunha1_cpf", "testemunha1_telefone", "testemunha2_nome", "testemunha2_rg", "testemunha2_cpf", "testemunha2_telefone", "reajuste_periodicidade", "reajuste_indice", "reajuste_observacoes", "renovacao_automatica") VALUES ('b15c2363-7e22-4e91-a0df-6a76bb5766c0', 6, 'TM SEGURANCA CONSULTORIA & TECNOLOGIA INTEGRADA LTDA', NULL, 'Prestação de Serviços de Escolta Armada', 'TM SEGURANCA CONSULTORIA & TECNOLOGIA INTEGRADA LTDA', '28.804.378/0001-67', 'PARADA PINTO, 745, APT 24 BLOCO D, SAO PAULO, SP, 02611-003', 'THIAGO MOREIRA DOS SANTOS', 'determinado', '2026-03-25T00:00:00.000Z', '2027-03-25T00:00:00.000Z', 30, '2026-03-25T00:00:00.000Z', 'Ativo', 2, '01 Revolver Cal. 38 + 01 Espingarda Cal. 12 Pump', '02 Coletes nível II-A, Rádio, Viatura identificada com rastreamento', '2.00', '1.00', 'INPC', NULL, NULL, '2026-03-25T13:42:41.388Z', '2026-03-25T13:42:41.388Z', 'Thiago Moreira dos Santos', 'thiago@grupotmseg.com.br', '11954563755', NULL, NULL, NULL, NULL, NULL, NULL, NULL, NULL, 'anual', 'INPC', 'Reajuste anual pelo INPC acumulado no período, aplicável a cada aniversário do contrato.', TRUE) ON CONFLICT ("id") DO NOTHING;
INSERT INTO "service_contracts" ("id", "client_id", "client_name", "contract_number", "object", "contratante_razao", "contratante_cnpj", "contratante_endereco", "contratante_representante", "vigencia_tipo", "vigencia_inicio", "vigencia_fim", "aviso_previo_dias", "data_assinatura", "status", "num_vigilantes", "armamento_descricao", "equipamentos", "multa_mora_pct", "juros_mora_pct", "indice_correcao", "observacoes", "arquivo_url", "created_at", "updated_at", "created_by", "contratante_email", "contratante_telefone", "testemunha1_nome", "testemunha1_rg", "testemunha1_cpf", "testemunha1_telefone", "testemunha2_nome", "testemunha2_rg", "testemunha2_cpf", "testemunha2_telefone", "reajuste_periodicidade", "reajuste_indice", "reajuste_observacoes", "renovacao_automatica") VALUES ('f7c7ccd5-0df9-46c3-a915-dfc36c5d1eb3', 9, 'OMEGA SOLUTIONS TRANSPORTES LTDA', NULL, 'Prestação de Serviços de Escolta Armada', 'OMEGA SOLUTIONS TRANSPORTES LTDA', '20.130.573/0001-47', 'BARRA LONGA, 54, SAO PAULO, SP, 05330-040', 'Maria Eduarda', 'determinado', '2026-03-30T00:00:00.000Z', '2027-03-30T00:00:00.000Z', 30, '2026-03-27T00:00:00.000Z', 'Ativo', 2, '02 Revolver Cal. 38 + 01 Espingarda Cal. 12 Pump', '02 Coletes nível II-A, Viatura identificada com rastreamento', '2.00', '1.00', 'INPC', NULL, NULL, '2026-03-27T20:56:50.746Z', '2026-03-30T21:50:39.465Z', 'Mickael Soria', 'mariaeduarda.nogueira@omegasolutions.com.br', '(11) 31656600', 'MICKAEL SANTOS SORIA', '547749764', '43908058864', '11963696699', 'BARBARA SGARLATA', NULL, NULL, NULL, 'anual', 'INPC', 'Reajuste anual pelo INPC acumulado no período, aplicável a cada aniversário do contrato.', TRUE) ON CONFLICT ("id") DO NOTHING;

-- -----------------------------------------------
-- COMPANY_DOCUMENTS (7 registros)
-- -----------------------------------------------
INSERT INTO "company_documents" ("id", "doc_type", "label", "file_name", "mime_type", "uploaded_at") VALUES (2, 'alvara', 'Alvará de Funcionamento (PF)', 'Alvará 3098 Página 64 do Diário Oficial da União - Seção 1, número 100, de 29_05_2025 - Imprensa Nacional (1).pdf', 'application/pdf', '2026-03-25T19:55:02.705Z') ON CONFLICT ("id") DO NOTHING;
INSERT INTO "company_documents" ("id", "doc_type", "label", "file_name", "mime_type", "uploaded_at") VALUES (4, 'cartao_cnpj', 'Cartão CNPJ', 'CNPJ TORRES VIGILANCIA (1).pdf', 'application/pdf', '2026-03-25T19:55:16.647Z') ON CONFLICT ("id") DO NOTHING;
INSERT INTO "company_documents" ("id", "doc_type", "label", "file_name", "mime_type", "uploaded_at") VALUES (5, 'contrato_social', 'Contrato Social', 'CONTRATO SOCIAL - TORRES.pdf', 'application/pdf', '2026-03-25T19:55:25.251Z') ON CONFLICT ("id") DO NOTHING;
INSERT INTO "company_documents" ("id", "doc_type", "label", "file_name", "mime_type", "uploaded_at") VALUES (6, 'certificado_seguranca', 'Certificado de Segurança (PF)', 'Certificado de Segurança (1).pdf', 'application/pdf', '2026-03-25T19:55:28.656Z') ON CONFLICT ("id") DO NOTHING;
INSERT INTO "company_documents" ("id", "doc_type", "label", "file_name", "mime_type", "uploaded_at") VALUES (8, 'certificado_regularidade', 'Certificado Regularidade (Polícia Civil)', 'TORRES DECADE 2026 - POLICIA CIVIL.pdf', 'application/pdf', '2026-03-25T19:56:33.321Z') ON CONFLICT ("id") DO NOTHING;
INSERT INTO "company_documents" ("id", "doc_type", "label", "file_name", "mime_type", "uploaded_at") VALUES (9, 'alvara_razao_social', 'Alvará Alteração Razão Social', 'ALVARÁ DE ALTERAÇÃO DOS ATOS (1).pdf', 'application/pdf', '2026-03-25T20:54:05.512Z') ON CONFLICT ("id") DO NOTHING;
INSERT INTO "company_documents" ("id", "doc_type", "label", "file_name", "mime_type", "uploaded_at") VALUES (10, 'certidao_trabalhista', 'Certidão Trabalhista', 'CERTIDÃO TRABALHISTA - TORRES (1).pdf', 'application/pdf', '2026-03-25T20:56:01.209Z') ON CONFLICT ("id") DO NOTHING;

-- -----------------------------------------------
-- CONFIGURACOES_EMAIL (1 registros)
-- -----------------------------------------------
INSERT INTO "configuracoes_email" ("id", "nome_exibicao", "email_usuario", "senha_smtp", "servidor_smtp", "porta_smtp", "usa_ssl", "created_at") VALUES (1, 'Mickael | Torres Segurança', 'escolta@torresseguranca.com.br', 'Q)526540579184ul', 'smtp.hostinger.com', 465, TRUE, '2026-04-01T02:18:36.153Z') ON CONFLICT ("id") DO NOTHING;

-- -----------------------------------------------
-- REFERENCE_POINTS (4 registros)
-- -----------------------------------------------
INSERT INTO "reference_points" ("id", "name", "latitude", "longitude", "radius_meters", "color", "created_at") VALUES (1, 'BASE TORRES - PIRITUBA', -23.4822, -46.7232, 150, '#6366f1', '2026-03-27T21:05:28.197Z') ON CONFLICT ("id") DO NOTHING;
INSERT INTO "reference_points" ("id", "name", "latitude", "longitude", "radius_meters", "color", "created_at") VALUES (2, 'Residência Mickael', -23.463, -46.6214, 150, '#14b8a6', '2026-03-27T21:06:06.182Z') ON CONFLICT ("id") DO NOTHING;
INSERT INTO "reference_points" ("id", "name", "latitude", "longitude", "radius_meters", "color", "created_at") VALUES (3, 'VTC GUARULHOS', -23.4289, -46.4953, 150, '#6366f1', '2026-03-30T14:11:00.839Z') ON CONFLICT ("id") DO NOTHING;
INSERT INTO "reference_points" ("id", "name", "latitude", "longitude", "radius_meters", "color", "created_at") VALUES (4, 'TABOCA - PIRAPORA', -23.4093, -46.9685, 150, '#6366f1', '2026-03-31T13:51:27.098Z') ON CONFLICT ("id") DO NOTHING;

-- -----------------------------------------------
-- TIMESHEETS (3 registros)
-- -----------------------------------------------
INSERT INTO "timesheets" ("id", "employee_id", "date", "check_in", "check_out_lunch", "check_in_lunch", "check_out", "hours_worked", "overtime", "notes", "created_at") VALUES (1, 18, '2026-03-30T00:00:00.000Z', '08:00', '', '', '', NULL, NULL, 'LOCALIZAÇÃO NO APP COM PROBLEMA', '2026-03-30T12:21:53.899Z') ON CONFLICT ("id") DO NOTHING;
INSERT INTO "timesheets" ("id", "employee_id", "date", "check_in", "check_out_lunch", "check_in_lunch", "check_out", "hours_worked", "overtime", "notes", "created_at") VALUES (2, 14, '2026-03-30T00:00:00.000Z', '08:00', '', '', '18:30', NULL, NULL, 'SAÍDA 31/03', '2026-03-30T12:22:22.789Z') ON CONFLICT ("id") DO NOTHING;
INSERT INTO "timesheets" ("id", "employee_id", "date", "check_in", "check_out_lunch", "check_in_lunch", "check_out", "hours_worked", "overtime", "notes", "created_at") VALUES (3, 18, '2026-03-30T00:00:00.000Z', '08:00', '', '', '18:30', NULL, NULL, 'SAÍDA DIA 31/03', '2026-03-30T19:25:58.355Z') ON CONFLICT ("id") DO NOTHING;
-- homologation_logs: vazia
-- armamentos: vazia
-- veiculos: vazia
-- ordens_servico: vazia
-- ocorrencias: vazia
-- postos: vazia
-- documentos_arquivados: vazia


-- =============================================
-- RESET DE SEQUENCES (IDs auto-incrementais)
-- =============================================
DO $$ BEGIN PERFORM setval(pg_get_serial_sequence('"users"', 'id'), COALESCE((SELECT MAX("id") FROM "users"), 1)); EXCEPTION WHEN OTHERS THEN NULL; END $$;
DO $$ BEGIN PERFORM setval(pg_get_serial_sequence('"perfis_acesso"', 'id'), COALESCE((SELECT MAX("id") FROM "perfis_acesso"), 1)); EXCEPTION WHEN OTHERS THEN NULL; END $$;
DO $$ BEGIN PERFORM setval(pg_get_serial_sequence('"clients"', 'id'), COALESCE((SELECT MAX("id") FROM "clients"), 1)); EXCEPTION WHEN OTHERS THEN NULL; END $$;
DO $$ BEGIN PERFORM setval(pg_get_serial_sequence('"client_vehicles"', 'id'), COALESCE((SELECT MAX("id") FROM "client_vehicles"), 1)); EXCEPTION WHEN OTHERS THEN NULL; END $$;
DO $$ BEGIN PERFORM setval(pg_get_serial_sequence('"gerenciadoras"', 'id'), COALESCE((SELECT MAX("id") FROM "gerenciadoras"), 1)); EXCEPTION WHEN OTHERS THEN NULL; END $$;
DO $$ BEGIN PERFORM setval(pg_get_serial_sequence('"employees"', 'id'), COALESCE((SELECT MAX("id") FROM "employees"), 1)); EXCEPTION WHEN OTHERS THEN NULL; END $$;
DO $$ BEGIN PERFORM setval(pg_get_serial_sequence('"employee_salaries"', 'id'), COALESCE((SELECT MAX("id") FROM "employee_salaries"), 1)); EXCEPTION WHEN OTHERS THEN NULL; END $$;
DO $$ BEGIN PERFORM setval(pg_get_serial_sequence('"employee_documents"', 'id'), COALESCE((SELECT MAX("id") FROM "employee_documents"), 1)); EXCEPTION WHEN OTHERS THEN NULL; END $$;
DO $$ BEGIN PERFORM setval(pg_get_serial_sequence('"vehicles"', 'id'), COALESCE((SELECT MAX("id") FROM "vehicles"), 1)); EXCEPTION WHEN OTHERS THEN NULL; END $$;
DO $$ BEGIN PERFORM setval(pg_get_serial_sequence('"vehicle_fueling"', 'id'), COALESCE((SELECT MAX("id") FROM "vehicle_fueling"), 1)); EXCEPTION WHEN OTHERS THEN NULL; END $$;
DO $$ BEGIN PERFORM setval(pg_get_serial_sequence('"weapons"', 'id'), COALESCE((SELECT MAX("id") FROM "weapons"), 1)); EXCEPTION WHEN OTHERS THEN NULL; END $$;
DO $$ BEGIN PERFORM setval(pg_get_serial_sequence('"weapon_kits"', 'id'), COALESCE((SELECT MAX("id") FROM "weapon_kits"), 1)); EXCEPTION WHEN OTHERS THEN NULL; END $$;
DO $$ BEGIN PERFORM setval(pg_get_serial_sequence('"weapon_kit_items"', 'id'), COALESCE((SELECT MAX("id") FROM "weapon_kit_items"), 1)); EXCEPTION WHEN OTHERS THEN NULL; END $$;
DO $$ BEGIN PERFORM setval(pg_get_serial_sequence('"service_orders"', 'id'), COALESCE((SELECT MAX("id") FROM "service_orders"), 1)); EXCEPTION WHEN OTHERS THEN NULL; END $$;
DO $$ BEGIN PERFORM setval(pg_get_serial_sequence('"mission_updates"', 'id'), COALESCE((SELECT MAX("id") FROM "mission_updates"), 1)); EXCEPTION WHEN OTHERS THEN NULL; END $$;
DO $$ BEGIN PERFORM setval(pg_get_serial_sequence('"mission_costs"', 'id'), COALESCE((SELECT MAX("id") FROM "mission_costs"), 1)); EXCEPTION WHEN OTHERS THEN NULL; END $$;
DO $$ BEGIN PERFORM setval(pg_get_serial_sequence('"mission_photos"', 'id'), COALESCE((SELECT MAX("id") FROM "mission_photos"), 1)); EXCEPTION WHEN OTHERS THEN NULL; END $$;
DO $$ BEGIN PERFORM setval(pg_get_serial_sequence('"login_selfies"', 'id'), COALESCE((SELECT MAX("id") FROM "login_selfies"), 1)); EXCEPTION WHEN OTHERS THEN NULL; END $$;
DO $$ BEGIN PERFORM setval(pg_get_serial_sequence('"agent_locations"', 'id'), COALESCE((SELECT MAX("id") FROM "agent_locations"), 1)); EXCEPTION WHEN OTHERS THEN NULL; END $$;
DO $$ BEGIN PERFORM setval(pg_get_serial_sequence('"escort_contracts"', 'id'), COALESCE((SELECT MAX("id") FROM "escort_contracts"), 1)); EXCEPTION WHEN OTHERS THEN NULL; END $$;
DO $$ BEGIN PERFORM setval(pg_get_serial_sequence('"escort_billings"', 'id'), COALESCE((SELECT MAX("id") FROM "escort_billings"), 1)); EXCEPTION WHEN OTHERS THEN NULL; END $$;
DO $$ BEGIN PERFORM setval(pg_get_serial_sequence('"financial_categories"', 'id'), COALESCE((SELECT MAX("id") FROM "financial_categories"), 1)); EXCEPTION WHEN OTHERS THEN NULL; END $$;
DO $$ BEGIN PERFORM setval(pg_get_serial_sequence('"financial_transactions"', 'id'), COALESCE((SELECT MAX("id") FROM "financial_transactions"), 1)); EXCEPTION WHEN OTHERS THEN NULL; END $$;
DO $$ BEGIN PERFORM setval(pg_get_serial_sequence('"service_contracts"', 'id'), COALESCE((SELECT MAX("id") FROM "service_contracts"), 1)); EXCEPTION WHEN OTHERS THEN NULL; END $$;
DO $$ BEGIN PERFORM setval(pg_get_serial_sequence('"company_documents"', 'id'), COALESCE((SELECT MAX("id") FROM "company_documents"), 1)); EXCEPTION WHEN OTHERS THEN NULL; END $$;
DO $$ BEGIN PERFORM setval(pg_get_serial_sequence('"configuracoes_email"', 'id'), COALESCE((SELECT MAX("id") FROM "configuracoes_email"), 1)); EXCEPTION WHEN OTHERS THEN NULL; END $$;
DO $$ BEGIN PERFORM setval(pg_get_serial_sequence('"reference_points"', 'id'), COALESCE((SELECT MAX("id") FROM "reference_points"), 1)); EXCEPTION WHEN OTHERS THEN NULL; END $$;
DO $$ BEGIN PERFORM setval(pg_get_serial_sequence('"timesheets"', 'id'), COALESCE((SELECT MAX("id") FROM "timesheets"), 1)); EXCEPTION WHEN OTHERS THEN NULL; END $$;

COMMIT;

-- =============================================
-- RESUMO: 368 registros em 28 tabelas
-- =============================================
--   users                       8 registros
--   perfis_acesso               3 registros
--   clients                     5 registros
--   client_vehicles             5 registros
--   gerenciadoras               2 registros
--   employees                   5 registros
--   employee_salaries           6 registros
--   employee_documents          39 registros
--   vehicles                    3 registros
--   vehicle_fueling             4 registros
--   weapons                     12 registros
--   weapon_kits                 2 registros
--   weapon_kit_items            6 registros
--   service_orders              6 registros
--   mission_updates             74 registros
--   mission_costs               1 registros
--   mission_photos              116 registros
--   login_selfies               11 registros
--   agent_locations             8 registros
--   escort_contracts            1 registros
--   escort_billings             3 registros
--   financial_categories        19 registros
--   financial_transactions      11 registros
--   service_contracts           3 registros
--   company_documents           7 registros
--   configuracoes_email         1 registros
--   reference_points            4 registros
--   timesheets                  3 registros